Pi_M,Pi_omega,Pi_geom,Pi_bar,Pi_eta,Pi_rho,Pi_M_aci,Pi_R
0.052222222222222225,0.0565875,1.0,0.08,0.0,0.00503,0.054667637278761595,0.9552675919745773
0.052444444444444446,0.0565875,1.0,0.08,0.0,0.00503,0.054667637278761595,0.9593325604510649
0.052222222222222225,0.0565875,1.0,0.08,0.0,0.00503,0.054667637278761595,0.9552675919745773
0.052592592592592594,0.055841802499999996,1.0,0.08,0.0072,0.00503,0.05322321144921398,0.9881514316883504
0.052,0.0550344875,1.0,0.08,0.015,0.00503,0.05168436801178162,1.0061069139540688
0.05125925925925926,0.05477544249999999,1.0,0.08,0.0175,0.00503,0.051196475888466535,1.001226322118919
0.05148148148148148,0.05466101,1.0,0.08,0.018600000000000002,0.00503,0.050982253423602554,1.0097921928583842
0.050666666666666665,0.054557895,1.0,0.08,0.0196,0.00503,0.05078878650577028,0.99759553540249
0.04888888888888889,0.053739262499999996,1.0,0.08,0.0275,0.00503,0.049271978020799925,0.9922250100909422
0.046814814814814816,0.052704339999999995,1.0,0.08,0.0375,0.00503,0.04739172926599335,0.9878266849487488
0.04725925925925926,0.0525597275,1.0,0.08,0.038900000000000004,0.00503,0.04713216278849215,1.002696597466521
0.04688888888888889,0.05234218,1.0,0.08,0.040999999999999995,0.00503,0.046743840235366964,1.003103053852477
0.050333333333333334,0.06026,1.3333333333333333,0.05,0.0,0.00524,0.058081089288503605,0.8666044998452906
0.052333333333333336,0.06026,1.3333333333333333,0.05,0.0,0.00524,0.058081089288503605,0.901039115733183
0.049509803921568625,0.05838901176470588,1.3333333333333333,0.05,0.1864,0.00524,0.03774332955181427,1.3117497716676338
0.051470588235294115,0.06074084705882353,1.3333333333333333,0.05,0.17190000000000003,0.00524,0.040602108355823834,1.2676826480098624
0.056862745098039215,0.06610568235294118,1.3333333333333333,0.05,0.1388,0.00524,0.04757893895489505,1.1951242786634069
0.04215686274509804,0.045831505882352935,1.3333333333333333,0.05,0.2638,0.00524,0.024458810416503423,1.723585980970398
0.12534722222222222,0.1837875,1.3333333333333333,0.06,0.0,0.01508,0.16391478572816284,0.7647096731718804
0.1329861111111111,0.1837875,1.3333333333333333,0.06,0.0,0.01508,0.16391478572816284,0.8113124787391419
0.1380952380952381,0.20416165714285717,1.3333333333333333,0.06,0.1038,0.01508,0.14815748575537457,0.9320841089545052
0.12959183673469388,0.18003673469387754,1.3333333333333333,0.06,0.0,0.01508,0.16096678820864946,0.8050843169381839
0.13197278911564625,0.18003673469387754,1.3333333333333333,0.06,0.0,0.01508,0.16096678820864946,0.8198758923150009
0.12702702702702703,0.1958851243243243,1.3333333333333333,0.06,0.0975,0.01508,0.1445724322406293,0.8786393440182335
0.12837837837837837,0.17140661621621622,1.3333333333333333,0.06,0.1536,0.01508,0.11392231964690473,1.1268939991415143
0.12387387387387387,0.17948052972972975,1.3333333333333333,0.06,0.1351,0.01508,0.12365460490631962,1.0017732373793953
0.06857142857142856,0.06965,1.25,0.052,0.0,0.00796,0.0668280268373493,1.0260878828327893
0.06528571428571428,0.06480698979591835,1.25,0.052,0.038,0.00796,0.0578869129345171,1.1278147507981098
0.060469387755102036,0.05958019387755102,1.25,0.052,0.079,0.00796,0.049059447943597165,1.2325737506182843
0.051734693877551016,0.037401846938775504,1.25,0.052,0.253,0.00796,0.020624413326550493,2.5084201455054833
0.11133333333333334,0.13611,1.5,0.06666666666666667,0.0,0.01047,0.12523396176154397,0.8890027255172315
0.11133333333333334,0.13611,1.5,0.06666666666666667,0.0,0.01047,0.12523396176154397,0.8890027255172315
0.10522222222222222,0.13611,1.5,0.06666666666666667,0.0,0.01047,0.12523396176154397,0.8402051707233714
0.10522222222222222,0.13611,1.5,0.06666666666666667,0.0,0.01047,0.12523396176154397,0.8402051707233714
0.10522222222222222,0.13611,1.5,0.06666666666666667,0.0,0.01047,0.12523396176154397,0.8402051707233714
0.07733333333333334,0.0871,1.5,0.05333333333333334,0.0,0.0067,0.08266149179096889,0.9355424352719258
0.07733333333333334,0.0871,1.5,0.05333333333333334,0.0,0.0067,0.08266149179096889,0.9355424352719258
0.10488888888888889,0.1298829675,1.5,0.06666666666666667,0.025,0.01047,0.1145223554231533,0.9158813447499459
0.10488888888888889,0.1298829675,1.5,0.06666666666666667,0.025,0.01047,0.1145223554231533,0.9158813447499459
0.10133333333333333,0.12365593500000001,1.5,0.06666666666666667,0.05,0.01047,0.10429162970540873,0.9716343835029555
0.10133333333333333,0.12365593500000001,1.5,0.06666666666666667,0.05,0.01047,0.10429162970540873,0.9716343835029555
0.09277777777777778,0.1174289025,1.5,0.06666666666666667,0.075,0.01047,0.09455344110851083,0.9812205319032729
0.09277777777777778,0.1174289025,1.5,0.06666666666666667,0.075,0.01047,0.09455344110851083,0.9812205319032729
0.07266666666666667,0.11120187,1.5,0.06666666666666667,0.1,0.01047,0.08531621593100741,0.8517333530759259
0.07266666666666667,0.11120187,1.5,0.06666666666666667,0.1,0.01047,0.08531621593100741,0.8517333530759259
0.09277777777777778,0.1298829675,1.5,0.06666666666666667,0.025,0.01047,0.1145223554231533,0.8101280962565728
0.09277777777777778,0.1298829675,1.5,0.06666666666666667,0.025,0.01047,0.1145223554231533,0.8101280962565728
0.07544444444444444,0.12365593500000001,1.5,0.06666666666666667,0.05,0.01047,0.10429162970540873,0.7233988447352048
0.07544444444444444,0.12365593500000001,1.5,0.06666666666666667,0.05,0.01047,0.10429162970540873,0.7233988447352048
0.05288888888888889,0.1174289025,1.5,0.06666666666666667,0.075,0.01047,0.09455344110851083,0.5593544589053387
0.05288888888888889,0.1174289025,1.5,0.06666666666666667,0.075,0.01047,0.09455344110851083,0.5593544589053387
0.02688888888888889,0.11120187,1.5,0.06666666666666667,0.1,0.01047,0.08531621593100741,0.315167387529624
0.02688888888888889,0.11120187,1.5,0.06666666666666667,0.1,0.01047,0.08531621593100741,0.315167387529624
0.09944444444444445,0.1329977925,1.5,0.06666666666666667,0.0125,0.01047,0.1198199905517249,0.829948692088366
0.09944444444444445,0.1329977925,1.5,0.06666666666666667,0.0125,0.01047,0.1198199905517249,0.829948692088366
0.09944444444444445,0.1329977925,1.5,0.06666666666666667,0.0125,0.01047,0.1198199905517249,0.829948692088366
0.0921111111111111,0.1298829675,1.5,0.06666666666666667,0.025,0.01047,0.1145223554231533,0.8043068165229926
0.0921111111111111,0.1298829675,1.5,0.06666666666666667,0.025,0.01047,0.1145223554231533,0.8043068165229926
0.0921111111111111,0.1298829675,1.5,0.06666666666666667,0.025,0.01047,0.1145223554231533,0.8043068165229926
0.08366666666666667,0.12677076,1.5,0.06666666666666667,0.0375,0.01047,0.10934712092152797,0.7651474127673589
0.08366666666666667,0.12677076,1.5,0.06666666666666667,0.0375,0.01047,0.10934712092152797,0.7651474127673589
0.08366666666666667,0.12677076,1.5,0.06666666666666667,0.0375,0.01047,0.10934712092152797,0.7651474127673589
0.07366666666666667,0.12365593500000001,1.5,0.06666666666666667,0.05,0.01047,0.10429162970540873,0.7063526274807671
0.07366666666666667,0.12365593500000001,1.5,0.06666666666666667,0.05,0.01047,0.10429162970540873,0.7063526274807671
0.07366666666666667,0.12365593500000001,1.5,0.06666666666666667,0.05,0.01047,0.10429162970540873,0.7063526274807671
0.05011111111111111,0.1174289025,1.5,0.06666666666666667,0.075,0.01047,0.09455344110851083,0.5299765986687138
0.05011111111111111,0.1174289025,1.5,0.06666666666666667,0.075,0.01047,0.09455344110851083,0.5299765986687138
0.05011111111111111,0.1174289025,1.5,0.06666666666666667,0.075,0.01047,0.09455344110851083,0.5299765986687138
0.024333333333333332,0.11120187,1.5,0.06666666666666667,0.1,0.01047,0.08531621593100741,0.285213462268544
0.024333333333333332,0.11120187,1.5,0.06666666666666667,0.1,0.01047,0.08531621593100741,0.285213462268544
0.024333333333333332,0.11120187,1.5,0.06666666666666667,0.1,0.01047,0.08531621593100741,0.285213462268544
0.06622222222222222,0.083115175,1.5,0.05333333333333334,0.025,0.0067,0.07536121141484456,0.8787308613934761
0.06622222222222222,0.083115175,1.5,0.05333333333333334,0.025,0.0067,0.07536121141484456,0.8787308613934761
0.05444444444444444,0.07913035000000002,1.5,0.05333333333333334,0.05,0.0067,0.06843522354534866,0.7955617242685966
0.05444444444444444,0.07913035000000002,1.5,0.05333333333333334,0.05,0.0067,0.06843522354534866,0.7955617242685966
0.03911111111111111,0.075145525,1.5,0.05333333333333334,0.075,0.0067,0.0618829215137389,0.6320178516851032
0.03911111111111111,0.075145525,1.5,0.05333333333333334,0.075,0.0067,0.0618829215137389,0.6320178516851032
0.02033333333333333,0.0711607,1.5,0.05333333333333334,0.1,0.0067,0.05570237556067594,0.36503529927883366
0.02033333333333333,0.0711607,1.5,0.05333333333333334,0.1,0.0067,0.05570237556067594,0.36503529927883366
0.09955555555555555,0.1329977925,1.5,0.06666666666666667,0.0125,0.01047,0.1198199905517249,0.8308760090627663
0.09955555555555555,0.1329977925,1.5,0.06666666666666667,0.0125,0.01047,0.1198199905517249,0.8308760090627663
0.09955555555555555,0.1329977925,1.5,0.06666666666666667,0.0125,0.01047,0.1198199905517249,0.8308760090627663
0.09233333333333335,0.1298829675,1.5,0.06666666666666667,0.025,0.01047,0.1145223554231533,0.8062472431008528
0.09233333333333335,0.1298829675,1.5,0.06666666666666667,0.025,0.01047,0.1145223554231533,0.8062472431008528
0.09233333333333335,0.1298829675,1.5,0.06666666666666667,0.025,0.01047,0.1145223554231533,0.8062472431008528
0.08377777777777778,0.12677076,1.5,0.06666666666666667,0.0375,0.01047,0.10934712092152797,0.7661635447896263
0.08377777777777778,0.12677076,1.5,0.06666666666666667,0.0375,0.01047,0.10934712092152797,0.7661635447896263
0.08377777777777778,0.12677076,1.5,0.06666666666666667,0.0375,0.01047,0.10934712092152797,0.7661635447896263
0.07777777777777778,0.12365593500000001,1.5,0.06666666666666667,0.05,0.01047,0.10429162970540873,0.7457720048816545
0.07777777777777778,0.12365593500000001,1.5,0.06666666666666667,0.05,0.01047,0.10429162970540873,0.7457720048816545
0.07777777777777778,0.12365593500000001,1.5,0.06666666666666667,0.05,0.01047,0.10429162970540873,0.7457720048816545
0.06155555555555556,0.1174289025,1.5,0.06666666666666667,0.075,0.01047,0.09455344110851083,0.6510133828436085
0.06155555555555556,0.1174289025,1.5,0.06666666666666667,0.075,0.01047,0.09455344110851083,0.6510133828436085
0.06155555555555556,0.1174289025,1.5,0.06666666666666667,0.075,0.01047,0.09455344110851083,0.6510133828436085
0.04377777777777778,0.11120187,1.5,0.06666666666666667,0.1,0.01047,0.08531621593100741,0.5131237631680654
0.04377777777777778,0.11120187,1.5,0.06666666666666667,0.1,0.01047,0.08531621593100741,0.5131237631680654
0.04377777777777778,0.11120187,1.5,0.06666666666666667,0.1,0.01047,0.08531621593100741,0.5131237631680654
0.09811111111111111,0.1329977925,1.5,0.06666666666666667,0.0125,0.01047,0.1198199905517249,0.818820888395561
0.09811111111111111,0.1329977925,1.5,0.06666666666666667,0.0125,0.01047,0.1198199905517249,0.818820888395561
0.09811111111111111,0.1329977925,1.5,0.06666666666666667,0.0125,0.01047,0.1198199905517249,0.818820888395561
0.09166666666666666,0.1298829675,1.5,0.06666666666666667,0.025,0.01047,0.1145223554231533,0.8004259633672725
0.09166666666666666,0.1298829675,1.5,0.06666666666666667,0.025,0.01047,0.1145223554231533,0.8004259633672725
0.09166666666666666,0.1298829675,1.5,0.06666666666666667,0.025,0.01047,0.1145223554231533,0.8004259633672725
0.08266666666666667,0.12677076,1.5,0.06666666666666667,0.0375,0.01047,0.10934712092152797,0.7560022245669522
0.08266666666666667,0.12677076,1.5,0.06666666666666667,0.0375,0.01047,0.10934712092152797,0.7560022245669522
0.08266666666666667,0.12677076,1.5,0.06666666666666667,0.0375,0.01047,0.10934712092152797,0.7560022245669522
0.07477777777777778,0.12365593500000001,1.5,0.06666666666666667,0.05,0.01047,0.10429162970540873,0.7170065132647906
0.07477777777777778,0.12365593500000001,1.5,0.06666666666666667,0.05,0.01047,0.10429162970540873,0.7170065132647906
0.07477777777777778,0.12365593500000001,1.5,0.06666666666666667,0.05,0.01047,0.10429162970540873,0.7170065132647906
0.05366666666666667,0.1174289025,1.5,0.06666666666666667,0.075,0.01047,0.09455344110851083,0.5675802597715938
0.05366666666666667,0.1174289025,1.5,0.06666666666666667,0.075,0.01047,0.09455344110851083,0.5675802597715938
0.05366666666666667,0.1174289025,1.5,0.06666666666666667,0.075,0.01047,0.09455344110851083,0.5675802597715938
0.04011111111111111,0.11120187,1.5,0.06666666666666667,0.1,0.01047,0.08531621593100741,0.47014639214129855
0.04011111111111111,0.11120187,1.5,0.06666666666666667,0.1,0.01047,0.08531621593100741,0.47014639214129855
0.04011111111111111,0.11120187,1.5,0.06666666666666667,0.1,0.01047,0.08531621593100741,0.47014639214129855
0.09677777777777778,0.1329977925,1.5,0.06666666666666667,0.0125,0.01047,0.1198199905517249,0.8076930847027561
0.09677777777777778,0.1329977925,1.5,0.06666666666666667,0.0125,0.01047,0.1198199905517249,0.8076930847027561
0.09677777777777778,0.1329977925,1.5,0.06666666666666667,0.0125,0.01047,0.1198199905517249,0.8076930847027561
0.087,0.1298829675,1.5,0.06666666666666667,0.025,0.01047,0.1145223554231533,0.7596770052322114
0.087,0.1298829675,1.5,0.06666666666666667,0.025,0.01047,0.1145223554231533,0.7596770052322114
0.087,0.1298829675,1.5,0.06666666666666667,0.025,0.01047,0.1145223554231533,0.7596770052322114
0.07833333333333334,0.12677076,1.5,0.06666666666666667,0.0375,0.01047,0.10934712092152797,0.7163730756985233
0.07833333333333334,0.12677076,1.5,0.06666666666666667,0.0375,0.01047,0.10934712092152797,0.7163730756985233
0.07833333333333334,0.12677076,1.5,0.06666666666666667,0.0375,0.01047,0.10934712092152797,0.7163730756985233
0.06522222222222222,0.12365593500000001,1.5,0.06666666666666667,0.05,0.01047,0.10429162970540873,0.6253830955221874
0.06522222222222222,0.12365593500000001,1.5,0.06666666666666667,0.05,0.01047,0.10429162970540873,0.6253830955221874
0.06522222222222222,0.12365593500000001,1.5,0.06666666666666667,0.05,0.01047,0.10429162970540873,0.6253830955221874
0.04544444444444445,0.1174289025,1.5,0.06666666666666667,0.075,0.01047,0.09455344110851083,0.48062179347118394
0.04544444444444445,0.1174289025,1.5,0.06666666666666667,0.075,0.01047,0.09455344110851083,0.48062179347118394
0.04544444444444445,0.1174289025,1.5,0.06666666666666667,0.075,0.01047,0.09455344110851083,0.48062179347118394
0.023333333333333334,0.11120187,1.5,0.06666666666666667,0.1,0.01047,0.08531621593100741,0.27349236107942576
0.023333333333333334,0.11120187,1.5,0.06666666666666667,0.1,0.01047,0.08531621593100741,0.27349236107942576
0.023333333333333334,0.11120187,1.5,0.06666666666666667,0.1,0.01047,0.08531621593100741,0.27349236107942576
0.07311111111111111,0.12365593500000001,1.5,0.06666666666666667,0.05,0.01047,0.10429162970540873,0.7010256845887552
0.07311111111111111,0.12365593500000001,1.5,0.06666666666666667,0.05,0.01047,0.10429162970540873,0.7010256845887552
0.07577777777777778,0.12365593500000001,1.5,0.06666666666666667,0.05,0.01047,0.10429162970540873,0.7265950104704119
0.07577777777777778,0.12365593500000001,1.5,0.06666666666666667,0.05,0.01047,0.10429162970540873,0.7265950104704119
0.074,0.12365593500000001,1.5,0.06666666666666667,0.05,0.01047,0.10429162970540873,0.7095487932159741
0.074,0.12365593500000001,1.5,0.06666666666666667,0.05,0.01047,0.10429162970540873,0.7095487932159741
0.07222222222222222,0.12365593500000001,1.5,0.06666666666666667,0.05,0.01047,0.10429162970540873,0.6925025759615362
0.07222222222222222,0.12365593500000001,1.5,0.06666666666666667,0.05,0.01047,0.10429162970540873,0.6925025759615362
0.05027815107666344,0.045398162327718226,1.8666666666666667,0.04285714285714286,0.0,0.005390000000000001,0.044150631820120904,1.1387866719893693
0.04027715187021181,0.03731342271293376,1.8666666666666667,0.04285714285714286,0.2,0.005390000000000001,0.02352612905682538,1.7120178067937035
0.13675213675213677,0.1946334841628959,1.0,0.08,0.0,0.010049999999999998,0.1723960757007902,0.7932439076483568
0.12776939835763365,0.192709886877828,1.0,0.08,0.0054,0.010049999999999998,0.1693024985510087,0.7546811148752087
0.13192559074912016,0.18676174208144794,1.0,0.08,0.022099999999999998,0.010049999999999998,0.1598784486327711,0.825161814348996
0.1249539131892073,0.19021785067873298,1.0,0.08,0.0124,0.010049999999999998,0.16532657546967103,0.7558005289484143
0.13769063180827887,0.19021785067873298,1.0,0.08,0.0124,0.010049999999999998,0.16532657546967103,0.8328402824356455
0.12776939835763365,0.19010871040723976,1.0,0.08,0.0127,0.010049999999999998,0.16515524463952053,0.7736320977060834
0.11945701357466064,0.18697547511312215,1.0,0.08,0.0215,0.010049999999999998,0.16021322674901686,0.7456126812912697
0.1216021451315569,0.18458803167420812,1.0,0.08,0.0282,0.010049999999999998,0.15649094192434243,0.7770554872776408
0.12776939835763365,0.18455165158371034,1.0,0.08,0.028300000000000002,0.010049999999999998,0.15643510366532906,0.8167565678287806
0.11650745768392827,0.18437429864253388,1.0,0.08,0.0288,0.010049999999999998,0.1561594506021559,0.7460800946383439
0.11650745768392827,0.18234610859728503,1.0,0.08,0.0345,0.010049999999999998,0.1530269091346325,0.7613527473225343
0.10993799229093346,0.17988590497737553,1.0,0.08,0.0414,0.010049999999999998,0.1492677637952447,0.7365153030746737
0.11650745768392827,0.17611147058823523,1.0,0.08,0.052000000000000005,0.010049999999999998,0.14357644162574473,0.8114663963300041
0.10403888050946875,0.17319196832579184,1.0,0.08,0.0602,0.010049999999999998,0.13924184109131196,0.747181161165789
0.13286408580526227,0.1946334841628959,1.0,0.08,0.0,0.010049999999999998,0.1723960757007902,0.7706908945877662
0.11476453829395006,0.17735748868778275,1.0,0.08,0.048499999999999995,0.010049999999999998,0.14544462950557135,0.7890599926864534
0.11154684095860566,0.17476085972850675,1.0,0.08,0.0558,0.010049999999999998,0.14156197218732447,0.7879717923892673
0.04096096096096096,0.058772972972972966,1.5,0.06666666666666667,0.0,0.00524,0.05669916221684055,0.7224262115956787
0.04864864864864865,0.058772972972972966,1.5,0.06666666666666667,0.0,0.00524,0.05669916221684055,0.8580135357661287
0.0406006006006006,0.043940940540540534,1.5,0.06666666666666667,0.1379,0.00524,0.03200621755648176,1.2685222966116576
0.046006006006006,0.044909632432432435,1.5,0.06666666666666667,0.12890000000000001,0.00524,0.03336993637056427,1.3786662789860173
0.042762762762762765,0.04413496216216216,1.5,0.06666666666666667,0.1361,0.00524,0.03227648230288111,1.3248891983171789
0.0406006006006006,0.030829610810810808,1.5,0.06666666666666667,0.25980000000000003,0.00524,0.01671090954844898,2.4295865214810486
0.043243243243243246,0.03647748108108108,1.5,0.06666666666666667,0.2073,0.00524,0.022595341734566187,1.9138123136721605
0.04144144144144144,0.039951459459459465,1.5,0.06666666666666667,0.175,0.00524,0.0267368643211006,1.549973884137792
0.046006006006006,0.044263837837837834,1.5,0.06666666666666667,0.1349,0.00524,0.03245706409068717,1.4174420051506262
0.03471471471471471,0.032917113513513514,1.5,0.06666666666666667,0.2404,0.00524,0.018766503834452872,1.8498232287136505
0.044204204204204206,0.049781416216216214,1.5,0.06666666666666667,0.0836,0.00524,0.04074736936577507,1.0848357793946972
0.042762762762762765,0.049996681081081074,1.5,0.06666666666666667,0.0816,0.00524,0.041093370043975626,1.040624380940299
0.057555555555555554,0.07705000000000001,1.5,0.05333333333333334,0.0,0.0067,0.07357940955522482,0.7822236669670118
0.057555555555555554,0.07705000000000001,1.5,0.05333333333333334,0.0,0.0067,0.07357940955522482,0.7822236669670118
0.059555555555555556,0.073242725,1.5,0.05333333333333334,0.027000000000000003,0.0067,0.0665322944447726,0.89513755767121
0.05444444444444444,0.07211545000000001,1.5,0.05333333333333334,0.035,0.0067,0.0645218900752938,0.8438135395740968
0.04622222222222222,0.06957615,1.5,0.05333333333333334,0.053,0.0067,0.060124139526705596,0.768779771088308
0.04811111111111111,0.06732160000000001,1.5,0.05333333333333334,0.069,0.0067,0.05636558439409526,0.8535547289766259
0.04655555555555556,0.06619265,1.5,0.05333333333333334,0.077,0.0067,0.05453707506654932,0.8536496594059317
0.036555555555555556,0.0645009,1.5,0.05333333333333334,0.08900000000000001,0.0067,0.051860499563432194,0.7048824416132613
0.023777777777777776,0.055759075000000005,1.5,0.05333333333333334,0.151,0.0067,0.03925279917466342,0.6057600547663786
0.014,0.053924950000000006,1.5,0.05333333333333334,0.16399999999999998,0.0067,0.03686351112245887,0.3797793420570453
0.08666666666666667,0.120405,1.5,0.06666666666666667,0.0,0.01047,0.1118966387664057,0.7745243076299292
0.08666666666666667,0.120405,1.5,0.06666666666666667,0.0,0.01047,0.1118966387664057,0.7745243076299292
0.08755555555555555,0.107846235,1.5,0.06666666666666667,0.057,0.01047,0.09050807839323188,0.9673783501971122
0.07644444444444444,0.10696413749999999,1.5,0.06666666666666667,0.061,0.01047,0.0890960805498333,0.8580000823008984
0.06622222222222222,0.103438365,1.5,0.06666666666666667,0.077,0.01047,0.08356909779108612,0.7924247595417477
0.06988888888888889,0.0994728525,1.5,0.06666666666666667,0.095,0.01047,0.07758024952787092,0.9008592949134704
0.059444444444444446,0.09793114500000001,1.5,0.06666666666666667,0.102,0.01047,0.07531700240881367,0.7892566425013244
0.05544444444444444,0.088675665,1.5,0.06666666666666667,0.14400000000000002,0.01047,0.06250372680221254,0.8870582168627069
0.11011111111111112,0.17342,1.5,0.08,0.0,0.01508,0.1557258677756299,0.7070829829618249
0.11011111111111112,0.17342,1.5,0.08,0.0,0.01508,0.1557258677756299,0.7070829829618249
0.10255555555555555,0.16929561999999998,1.5,0.08,0.013000000000000001,0.01508,0.148919739356676,0.6886632759269468
0.09833333333333333,0.16802513,1.5,0.08,0.017,0.01508,0.14685124594662247,0.6696118422384755
0.08833333333333333,0.16548792,1.5,0.08,0.025,0.01508,0.14275591959769487,0.6187717720026489
0.07955555555555556,0.1635803,1.5,0.08,0.031,0.01508,0.13971515484925184,0.5694124996060266
0.08566666666666667,0.16008928,1.5,0.08,0.042,0.01508,0.1342232478384499,0.6382401562043442
0.07044444444444445,0.15469441,1.5,0.08,0.059000000000000004,0.01508,0.12593905638984132,0.5593534401781236
0.09560052014840872,0.1029375,1.6710526315789473,0.05905511811023622,0.0,0.00915,0.09674698779847946,0.9881498362258184
0.0873244686155611,0.08407064634146341,1.6710526315789473,0.05905511811023622,0.08900000000000001,0.00915,0.0669384777588317,1.3045481692932541
0.08302166796888152,0.07432924390243903,1.6710526315789473,0.05905511811023622,0.142,0.00915,0.05298132198862652,1.5669987998167307
0.0746399117958698,0.059626756097560976,1.6710526315789473,0.05905511811023622,0.222,0.00915,0.035341140878624645,2.1119836524862783
0.0662581556228581,0.0550584512195122,1.6710526315789473,0.05905511811023622,0.316,0.00915,0.025380840048049476,2.6105580231947467
0.08217603084756876,0.08259995121951219,1.6710526315789473,0.05905511811023622,0.09699999999999999,0.00915,0.06471341397693187,1.2698453967652166
0.08033552652471157,0.07212431707317074,1.6710526315789473,0.05905511811023622,0.154,0.00915,0.05007584918477779,1.604276868641345
0.07981322124390078,0.05852429268292683,1.6710526315789473,0.05905511811023622,0.228,0.00915,0.034179620143560165,2.3351114175251744
0.07073505802980798,0.056439878048780485,1.6710526315789473,0.05905511811023622,0.3,0.00915,0.0272182114289381,2.598813600022346
0.08183729581109493,0.07924890829694323,1.0,0.06666666666666667,0.0,0.006979999999999999,0.07556812022803418,1.0829605866090477
0.08151382823871907,0.07924890829694323,1.0,0.06666666666666667,0.0,0.006979999999999999,0.07556812022803418,1.0786801099821346
0.08995525088070075,0.08408477634961439,1.0,0.06666666666666667,0.054000000000000006,0.006979999999999999,0.07193093891497437,1.2505780160471967
0.08530895934494906,0.08408477634961439,1.0,0.06666666666666667,0.054000000000000006,0.006979999999999999,0.07193093891497437,1.1859842319837937
0.0815015557562983,0.07280196747967478,1.0,0.06666666666666667,0.142,0.006979999999999999,0.051914052276301685,1.569932459183177
0.07266887483689652,0.07280196747967478,1.0,0.06666666666666667,0.142,0.006979999999999999,0.051914052276301685,1.3997919956263793
0.06747533559760634,0.057205519650655026,1.0,0.06666666666666667,0.152,0.006979999999999999,0.040148674971568904,1.680636674694462
0.05828885654213165,0.057205519650655026,1.0,0.06666666666666667,0.152,0.006979999999999999,0.040148674971568904,1.4518251619364433
0.056455595380326566,0.04748801720430107,1.0,0.06666666666666667,0.214,0.006979999999999999,0.028836949922461656,1.957751965174105
0.06034249303066507,0.04748801720430107,1.0,0.06666666666666667,0.214,0.006979999999999999,0.028836949922461656,2.092540757358778
0.07779995564426702,0.06591502395209581,1.0,0.06666666666666667,0.215,0.006979999999999999,0.03965527669402153,1.9619067657645728
0.06928365491239742,0.06591502395209581,1.0,0.06666666666666667,0.215,0.006979999999999999,0.03965527669402153,1.747148442488177
0.034663480684986064,0.043196443010752684,1.0,0.06666666666666667,0.31,0.006979999999999999,0.02032081703311577,1.7058113671559962
0.04753484667463162,0.043196443010752684,1.0,0.06666666666666667,0.31,0.006979999999999999,0.02032081703311577,2.339219264519068
0.13002754820936638,0.16334710743801653,1.0,0.08,0.0,0.010049999999999998,0.14769230542872339,0.8803948711608266
0.11255994286297316,0.16334710743801653,1.0,0.08,0.0,0.010049999999999998,0.14769230542872339,0.7621246248153044
0.09200779727095516,0.13365240601503758,1.0,0.08,0.055,0.010049999999999998,0.11100678392367708,0.8288484182571697
0.09735449735449736,0.13365240601503758,1.0,0.08,0.055,0.010049999999999998,0.11100678392367708,0.877013943773325
0.1439153439153439,0.13934592436974785,1.0,0.08,0.08800000000000001,0.010049999999999998,0.10802930489637746,1.3321880026293662
0.0991804129059031,0.13934592436974785,1.0,0.08,0.08800000000000001,0.010049999999999998,0.10802930489637746,0.9180880410277351
0.07364128173116938,0.08423480898876404,1.0,0.08,0.201,0.010049999999999998,0.05209003975469896,1.4137305726384344
0.06505201831044527,0.08423480898876404,1.0,0.08,0.201,0.010049999999999998,0.05209003975469896,1.248837947077532
0.09948047595106418,0.09978149321266964,1.0,0.08,0.14,0.010049999999999998,0.07061550719472273,1.4087624645496932
0.07052119993296464,0.09978149321266964,1.0,0.08,0.14,0.010049999999999998,0.07061550719472273,0.9986644964328014
0.06383296047725578,0.07706124161073824,1.0,0.08,0.22899999999999998,0.010049999999999998,0.044587358263767744,1.4316380912193953
0.05428784489187173,0.07706124161073824,1.0,0.08,0.22899999999999998,0.010049999999999998,0.044587358263767744,1.2175613672987378
0.05297180469594263,0.08388684350132623,1.0,0.08,0.255,0.010049999999999998,0.04529769710335945,1.1694149610977471
0.06586108655074173,0.08388684350132623,1.0,0.08,0.255,0.010049999999999998,0.04529769710335945,1.4539610347179706
0.07518916766228594,0.07805591397849462,1.0,0.06666666666666667,0.0,0.006979999999999999,0.0744853329198924,1.0094493065252255
0.08519315013938669,0.07805591397849462,1.0,0.06666666666666667,0.0,0.006979999999999999,0.0744853329198924,1.1437573922239208
0.07613782937166022,0.07706996517412934,1.0,0.06666666666666667,0.08,0.006979999999999999,0.06274031366297542,1.2135391891830947
0.08527731711811314,0.07706996517412934,1.0,0.06666666666666667,0.08,0.006979999999999999,0.06274031366297542,1.3592108827539597
0.09162776221599751,0.08473759103641454,1.0,0.06666666666666667,0.091,0.006979999999999999,0.06714542598553035,1.364616589605717
0.08440709617180206,0.08473759103641454,1.0,0.06666666666666667,0.091,0.006979999999999999,0.06714542598553035,1.2570788692291797
0.08028387669106232,0.08858539520958082,1.0,0.06666666666666667,0.10099999999999999,0.006979999999999999,0.06859198984394253,1.1704555717616687
0.0941228653803504,0.08858539520958082,1.0,0.06666666666666667,0.10099999999999999,0.006979999999999999,0.06859198984394253,1.3722136592697571
0.06180660298307357,0.05566944796380089,1.0,0.06666666666666667,0.17600000000000002,0.006979999999999999,0.03696461888953282,1.6720476185018964
0.06790682084799732,0.05566944796380089,1.0,0.06666666666666667,0.17600000000000002,0.006979999999999999,0.03696461888953282,1.8370761795470945
0.08108227988467509,0.06611355688622755,1.0,0.06666666666666667,0.214,0.006979999999999999,0.03987068098838571,2.0336316780818033
0.063694832557108,0.06611355688622755,1.0,0.06666666666666667,0.214,0.006979999999999999,0.03987068098838571,1.597535607070826
0.07309824794854734,0.056586065868263466,1.0,0.06666666666666667,0.348,0.006979999999999999,0.023718996049328568,3.081844096458568
0.058815701929474384,0.056586065868263466,1.0,0.06666666666666667,0.348,0.006979999999999999,0.023718996049328568,2.4796876649903283
0.08573953563107577,0.1286225596529284,1.0,0.08,0.0,0.010049999999999998,0.11892456644480043,0.7209573109595678
0.08130473206395115,0.1286225596529284,1.0,0.08,0.0,0.010049999999999998,0.11892456644480043,0.6836664155651074
0.0945899829368664,0.13745894308943088,1.0,0.08,0.079,0.010049999999999998,0.10863215095029032,0.8707365371063162
0.10005018568704206,0.13745894308943088,1.0,0.08,0.079,0.010049999999999998,0.10863215095029032,0.9209997667525213
0.0765909996017523,0.10207990322580644,1.0,0.08,0.109,0.010049999999999998,0.07719872632884485,0.9921277622573226
0.06970927917164477,0.10207990322580644,1.0,0.08,0.109,0.010049999999999998,0.07719872632884485,0.9029848351992603
0.07257666268418957,0.09624658064516127,1.0,0.08,0.134,0.010049999999999998,0.0691363139156344,1.049761819421749
0.06410195141377938,0.09624658064516127,1.0,0.08,0.134,0.010049999999999998,0.0691363139156344,0.9271820810696046
0.06519967400162999,0.09562980440097799,1.0,0.08,0.18600000000000003,0.010049999999999998,0.06102023614899958,1.068492652870517
0.0964955175224124,0.09562980440097799,1.0,0.08,0.18600000000000003,0.010049999999999998,0.06102023614899958,1.5813691262483656
0.06490989767273386,0.09721962102689485,1.0,0.08,0.18,0.010049999999999998,0.06287536000177374,1.0323582667503253
0.05781037761477859,0.09721962102689485,1.0,0.08,0.18,0.010049999999999998,0.06287536000177374,0.9194440813245084
0.05980941153354946,0.09770092838196283,1.0,0.08,0.207,0.010049999999999998,0.0592362414685982,1.0096760032497185
0.0690834070144415,0.09770092838196283,1.0,0.08,0.207,0.010049999999999998,0.0592362414685982,1.166235488641922
0.23195876288659795,0.5505723711340207,1.3333333333333333,0.16,0.0,0.05362,0.3722480364420143,0.6231295807593348
0.26966845878136203,0.7178161290322581,1.3333333333333333,0.16,0.0,0.05362,0.41471475701021576,0.6502504534091591
0.24958143074581432,0.5828787808219179,1.3333333333333333,0.16,0.024,0.05362,0.373878297202214,0.667547254316361
0.2102836879432624,0.637393489361702,1.3333333333333333,0.16,0.055999999999999994,0.05362,0.37821034817975924,0.5559966535958367
0.20696465696465696,0.29485426195426195,1.3333333333333333,0.08,0.0,0.02681,0.24370113491783427,0.8492560243284739
0.19475308641975309,0.2736661090534979,1.3333333333333333,0.08,0.034,0.02681,0.2169995256297895,0.8974816228493062
0.1747599451303155,0.25657611316872425,1.3333333333333333,0.08,0.066,0.02681,0.19434561184730936,0.8992224906401198
0.16796982167352537,0.23681615020576136,1.3333333333333333,0.08,0.10300000000000001,0.02681,0.16917763737201943,0.992860665763773
0.1454715219421102,0.19856022408963583,1.3333333333333333,0.08,0.0,0.0134,0.17541524843092499,0.8292980413238931
0.13552754435107375,0.1665841456582633,1.3333333333333333,0.08,0.08800000000000001,0.0134,0.12729839462731607,1.064644567968431
0.09166666666666666,0.1029905027932961,1.3333333333333333,0.06,0.0,0.00754,0.09674893301774996,0.9474695359156996
0.06670411985018726,0.06602498426966293,1.3333333333333333,0.06,0.111,0.00754,0.050578101503701865,1.318833998648706
0.06967445152158527,0.07828152866242037,1.3333333333333333,0.06,0.0,0.00754,0.07467514975821771,0.9330339711025203
0.09539728682170542,0.10718197674418604,1.3333333333333333,0.06,0.0,0.00754,0.10042213706675475,0.9499627234410566
0.056794055201698515,0.06366897664543525,1.3333333333333333,0.06,0.102,0.00754,0.04979113672107282,1.1406458848259613
0.0665719696969697,0.08246875,1.3333333333333333,0.06,0.0,0.00754,0.07846635169636405,0.8484142343533284
0.061695075757575754,0.06662189772727271,1.3333333333333333,0.06,0.105,0.00754,0.05168938662619747,1.1935733771370998
0.07160493827160494,0.08054074074074073,1.5,0.06666666666666667,0.0,0.00524,0.07666914113515133,0.9339473119358507
0.07901234567901234,0.08054074074074073,1.5,0.06666666666666667,0.0,0.00524,0.07666914113515133,1.0305625511016283
0.048724279835390946,0.06692256296296295,1.5,0.06666666666666667,0.0924,0.00524,0.05329955269292519,0.9141592635140153
0.026502057613168723,0.0571062962962963,1.5,0.06666666666666667,0.159,0.00524,0.03940111245657507,0.6726220647291948
0.03522633744855967,0.056073822222222215,1.5,0.06666666666666667,0.166,0.00524,0.03807916942645517,0.9250815597907048
0.05432098765432099,0.06462278518518519,1.5,0.06666666666666667,0.10800000000000001,0.00524,0.04982584967361866,1.0902169859650657
0.056790123456790124,0.0660958074074074,1.5,0.06666666666666667,0.098,0.00524,0.05203616018634196,1.0913588407258372
0.04329218106995885,0.0522428,1.5,0.06666666666666667,0.192,0.00524,0.03339807047659425,1.2962479703819567
0.04016460905349794,0.0547482962962963,1.5,0.06666666666666667,0.175,0.00524,0.0364189917175959,1.1028479142131862
0.019094650205761315,0.045886874074074074,1.5,0.06666666666666667,0.29100000000000004,0.00524,0.02273629957967766,0.8398310436949312
0.07160493827160494,0.08054074074074073,1.5,0.06666666666666667,0.0,0.00524,0.07666914113515133,0.9339473119358507
0.040817901234567903,0.04156824074074073,1.3333333333333333,0.05,0.0,0.00524,0.040521545345203566,1.0073135386826855
0.04996141975308642,0.03502673148148148,1.3333333333333333,0.05,0.086,0.00524,0.028735899965822317,1.7386412053392846
0.05123456790123457,0.032820351851851844,1.3333333333333333,0.05,0.115,0.00524,0.025297935848389005,2.0252469690920347
0.09884259259259259,0.12149791666666668,1.3333333333333333,0.08,0.0,0.020110000000000003,0.11279482464331132,0.8763043242911226
0.10474537037037036,0.10459993055555557,1.3333333333333333,0.08,0.076,0.020110000000000003,0.0845983877562258,1.2381485409887365
0.11199845679012346,0.12149791666666668,1.3333333333333333,0.08,0.0,0.020110000000000003,0.11279482464331132,0.9929396773681222
0.12438271604938272,0.1057124976851852,1.3333333333333333,0.08,0.071,0.020110000000000003,0.08632251782120173,1.4409069520772597
0.12438271604938272,0.10459993055555557,1.3333333333333333,0.08,0.076,0.020110000000000003,0.0845983877562258,1.470272889925483
0.10123456790123457,0.04156824074074073,1.3333333333333333,0.05,0.0,0.00524,0.040521545345203566,2.4982899106837113
0.10428240740740741,0.03555922222222222,1.3333333333333333,0.05,0.079,0.00524,0.029605341061285442,3.5224187146344446
0.10949074074074074,0.03624333333333333,1.3333333333333333,0.05,0.07,0.00524,0.030745726640907647,3.5611693950033914
0.1119212962962963,0.04156824074074073,1.3333333333333333,0.05,0.0,0.00524,0.040521545345203566,2.7620194477490267
0.11068672839506173,0.03822167592592592,1.3333333333333333,0.05,0.044000000000000004,0.00524,0.034188719256538,3.2375219312696197
0.12528007417136677,0.19801964285714285,1.075,0.07441860465116279,0.0,0.00935,0.17498179276338488,0.7159606276338355
0.12439156300703084,0.19801964285714285,1.075,0.07441860465116279,0.0,0.00935,0.17498179276338488,0.7108828926860778
0.12168739859383451,0.18533703571428572,1.075,0.07441860465116279,0.035,0.00935,0.15509370519225565,0.7846056578697996
0.10897782585181179,0.17627755357142857,1.075,0.07441860465116279,0.06,0.00935,0.14151114699967077,0.7701006469268836
0.07100363130649773,0.18305296428571427,1.075,0.07441860465116279,0.041299999999999996,0.00935,0.1516189946717017,0.4683030082097616
0.08688093950397899,0.1405839285714286,1.075,0.07441860465116279,0.1585,0.00935,0.09373715187176683,0.9268570440761077
0.12048984006799042,0.1873305892857143,1.075,0.07441860465116279,0.029500000000000002,0.00935,0.158154167156422,0.7618505552801541
0.06671559916557213,0.14065405357142857,1.075,0.07441860465116279,0.1583,0.00935,0.09382280555004516,0.7110808376966086
0.09711132584041092,0.16074535714285715,1.325,0.06037735849056604,0.0,0.00759,0.14549854883190202,0.6674384495243727
0.11747953008187967,0.16074535714285715,1.325,0.06037735849056604,0.0,0.00759,0.14549854883190202,0.8074275037451171
0.09286477139805727,0.12597502500000002,1.325,0.06037735849056604,0.1182,0.00759,0.09227889715732923,1.0063489514805228
0.10405329807252199,0.1317407142857143,1.325,0.06037735849056604,0.0986,0.00759,0.10026821025596167,1.037749629786927
0.06176575293698825,0.10562027142857143,1.325,0.06037735849056604,0.18739999999999998,0.00759,0.06685855738068457,0.9238271861790481
0.06278289172557595,0.10917943928571427,1.325,0.06037735849056604,0.1753,0.00759,0.07098808016729233,0.8844145605518586
0.06827544118394956,0.08564501785714286,1.325,0.06037735849056604,0.2553,0.00759,0.04615352946289727,1.4793113761502477
0.05332350099171032,0.08482096071428571,1.325,0.06037735849056604,0.2581,0.00759,0.04538860114647332,1.1748214231064387
0.10481229528848576,0.13511928571428572,1.575,0.050793650793650794,0.0,0.00638,0.12443172399045778,0.842327759571373
0.10481229528848576,0.13511928571428572,1.575,0.050793650793650794,0.0,0.00638,0.12443172399045778,0.842327759571373
0.06752330561854371,0.10213468571428572,1.575,0.050793650793650794,0.1334,0.00638,0.073273848046461,0.9215198521541952
0.06482381312313285,0.09098107857142858,1.575,0.050793650793650794,0.17850000000000002,0.00638,0.05920815070459102,1.0948461039859227
0.09419429147320303,0.12023337857142857,1.575,0.050793650793650794,0.0602,0.00638,0.09960201296932254,0.9457067047652431
0.09961127308066084,0.1206777,1.575,0.050793650793650794,0.0584,0.00638,0.10030293739577986,0.9931042466643841
0.06440989094050319,0.07011164285714286,1.575,0.050793650793650794,0.26289999999999997,0.00638,0.037255884029439315,1.728851498721839
0.10349854227405247,0.12367174285714286,1.575,0.050793650793650794,0.0463,0.00638,0.10508664825936304,0.9848876521269289
0.14610214015297845,0.24314285714285713,1.075,0.08372093023255814,0.0,0.01184,0.20830524234400882,0.7013848451864494
0.17009194159004867,0.24314285714285713,1.075,0.08372093023255814,0.0,0.01184,0.20830524234400882,0.8165514207710038
0.13053387931700533,0.21964891428571431,1.075,0.08372093023255814,0.0528,0.01184,0.1741680202443312,0.7494709943529597
0.08626284478096269,0.20131805714285714,1.075,0.08372093023255814,0.094,0.01184,0.14913842177243888,0.578407923027279
0.08699683226454454,0.1929962285714286,1.075,0.08372093023255814,0.1127,0.01184,0.13832060697953621,0.628950625393187
0.08850343815189678,0.18859005714285715,1.075,0.08372093023255814,0.1226,0.01184,0.13274060610659993,0.6667397471488292
0.07293517731592367,0.15375085714285713,1.075,0.08372093023255814,0.2009,0.01184,0.09247812997941411,0.7886748719092745
0.062273043343892456,0.14943771428571426,1.075,0.08372093023255814,0.21059999999999998,0.01184,0.08799176803550657,0.7077144229987963
0.14743426740578752,0.19714285714285712,1.325,0.06792452830188679,0.0,0.0096,0.17432198244740016,0.8457583222487404
0.11219040838122361,0.19714285714285712,1.325,0.06792452830188679,0.0,0.0096,0.17432198244740016,0.6435815311765164
0.07948939632812897,0.1643142857142857,1.325,0.06792452830188679,0.091,0.0096,0.12495752140952081,0.6361313463286451
0.09695875502212277,0.16276114285714283,1.325,0.06792452830188679,0.0953,0.0096,0.12280826242793946,0.7895132876667441
0.0760056959772161,0.16276114285714283,1.325,0.06792452830188679,0.0953,0.0096,0.12280826242793946,0.6188972506781795
0.10430758276966892,0.17636228571428572,1.325,0.06792452830188679,0.0576,0.0096,0.1422338943888429,0.7333525051666658
0.13199918628896912,0.14598514285714284,1.325,0.06792452830188679,0.1418,0.0096,0.10074437742713269,1.3102387414567398
0.0643594568478869,0.13292571428571429,1.325,0.06792452830188679,0.17800000000000002,0.0096,0.08509234587393845,0.7563483670227324
0.1148364107547781,0.16592857142857143,1.575,0.05714285714285714,0.0,0.00808,0.14970635028859205,0.7670777527700432
0.1285318360148292,0.16592857142857143,1.575,0.05714285714285714,0.0,0.00808,0.14970635028859205,0.8585596787781928
0.10639599755246014,0.14871240000000002,1.575,0.05714285714285714,0.0567,0.00808,0.12200394300915181,0.872070155507016
0.11874167656480583,0.16170677142857146,1.575,0.05714285714285714,0.0139,0.00808,0.1426726394575431,0.8322666281094582
0.10367850844041321,0.15168757142857142,1.575,0.05714285714285714,0.046900000000000004,0.00808,0.12660103803276945,0.8189388495659651
0.06676744771982868,0.1353198,1.575,0.05714285714285714,0.1008,0.00808,0.10235311591311462,0.652324524995469
0.08764352301767268,0.15569582857142855,1.575,0.05714285714285714,0.0337,0.00808,0.1329222634276857,0.6593592431967109
0.06369002627506029,0.10513811428571429,1.575,0.05714285714285714,0.2002,0.00808,0.06458163726552713,0.9861940479024869
0.10984848484848485,0.09227272727272726,1.3333333333333333,0.06,0.0,0.00754,0.08726240344078481,1.258829467412351
0.11188811188811189,0.08129754545454544,1.3333333333333333,0.06,0.065,0.00754,0.0680994720418667,1.6430099754565568
0.10868298368298368,0.06846372727272727,1.3333333333333333,0.06,0.141,0.00754,0.04901574251739644,2.2173077077106487
0.08916083916083917,0.04987472727272727,1.3333333333333333,0.06,0.325,0.00754,0.0224198939179364,3.9768626688063216
0.19905555555555557,0.15633333333333332,1.3333333333333333,0.08,0.0,0.0134,0.14199610459731038,1.401838142814278
0.15833333333333333,0.13230266666666668,1.3333333333333333,0.08,0.084,0.0134,0.1037902140276672,1.525513121026291
0.1613888888888889,0.12686673333333334,1.3333333333333333,0.08,0.10300000000000001,0.0134,0.09597641153438212,1.6815474376333994
0.13833333333333334,0.09625666666666667,1.3333333333333333,0.08,0.21,0.0134,0.05796812791207102,2.3863688256961537
0.24515905947441216,0.16177593360995848,1.3333333333333333,0.07,0.0,0.01026,0.14641333678171256,1.6744312018509588
0.22337482710926693,0.14342287966804979,1.3333333333333333,0.07,0.062,0.01026,0.11684934595147498,1.9116480737686772
0.06950207468879668,0.11796019917012446,1.3333333333333333,0.07,0.14800000000000002,0.01026,0.08133380309148994,0.8545287696754559
0.15975103734439833,0.08421288796680497,1.3333333333333333,0.07,0.262,0.01026,0.04463930215502168,3.578708215231971
0.16682740169238425,0.10247385937499999,1.0670731707317074,0.06857142857142857,0.034,0.00788,0.09025980349267328,1.8483022922371668
0.20200696384892203,0.12237512953367877,1.2905405405405406,0.06282722513089005,0.092,0.008,0.09492582557784152,2.128050639741567
0.21380138179240984,0.12177219323671495,1.272108843537415,0.06417112299465241,0.075,0.00823,0.09778946555628547,2.1863436984360085
0.11634199134199134,0.15059512987012985,0.8333333333333334,0.08,0.0,0.01257,0.13721882518070927,0.8478573635124456
0.04788213627992634,0.06622862154696132,0.8333333333333334,0.08,0.264,0.01257,0.03510875705129269,1.3638231683899313
0.12770061728395063,0.17179,0.8333333333333334,0.08,0.0,0.01257,0.15439053696018323,0.8271272307115828
0.09821931306306306,0.146092277027027,0.8333333333333334,0.08,0.037000000000000005,0.01257,0.12465137490151276,0.7879521035421092
0.08250786163522013,0.12762581886792454,0.8333333333333334,0.08,0.14800000000000002,0.01257,0.08757147691933825,0.9421773451556356
0.07869944852941177,0.11342114338235294,0.8333333333333334,0.08,0.183,0.01257,0.07231592048778691,1.0882727897061468
0.08768656716417911,0.11109253432835821,0.8333333333333334,0.08,0.10800000000000001,0.01257,0.08377345964964154,1.0467105874689073
0.10699588477366255,0.14315833333333333,0.8333333333333334,0.08,0.0,0.01257,0.13106848377738312,0.8163357177106944
0.08190066857688634,0.1071223323782235,0.8333333333333334,0.08,0.106,0.01257,0.08128196809866138,1.007611780234873
0.11389576457645766,0.15308019801980197,0.8333333333333334,0.08,0.0,0.01257,0.13925951806585274,0.8178670022583223
0.07574926900584796,0.08275985087719297,0.8333333333333334,0.08,0.213,0.01257,0.04969940569805358,1.5241483865231529
0.0684960048337865,0.08039825880551303,1.8666666666666667,0.05714285714285714,0.0,0.00957,0.07662927370972575,0.8938621171492719
0.05839539607312119,0.11139752132701423,1.8666666666666667,0.05714285714285714,0.38530000000000003,0.00957,0.04106832302361593,1.4219084631125916
0.2117511520737327,0.21097465437788018,2.0,0.065,0.0,0.013269999999999999,0.18483071473895216,1.1456491545401528
0.17769396551724137,0.1933473318965517,2.0,0.065,0.02,0.013269999999999999,0.16544310993759662,1.0740487505600302
0.17198275862068965,0.1893606120689655,2.0,0.065,0.04,0.013269999999999999,0.15663354697593435,1.0979944075908183
0.1814655172413793,0.19534355172413792,2.0,0.065,0.01,0.013269999999999999,0.16993025871347914,1.067882310162017
0.14587542087542088,0.15103225925925925,2.0,0.065,0.02,0.013269999999999999,0.13270423931492284,1.0992521537254079
0.11585144927536233,0.14242171739130435,2.0,0.065,0.14,0.013269999999999999,0.09883080133528079,1.1722200742088436
0.08868159203980099,0.09893082089552237,2.0,0.065,0.13,0.013269999999999999,0.07159904476510806,1.2385862455390977
0.09945652173913046,0.11058453532608696,2.0,0.065,0.11,0.013269999999999999,0.08309976856598679,1.1968327163288706
0.1485738255033557,0.15362919463087246,2.0,0.065,0.0,0.013269999999999999,0.13977633169238396,1.0629397960617042
0.12256493506493507,0.09151991558441556,2.0,0.065,0.21,0.013269999999999999,0.055211474244255425,2.219917811335885
0.08877068557919622,0.0884258841607565,2.0,0.065,0.1,0.013269999999999999,0.06862319882198432,1.2935958553823257
0.09139941690962101,0.07485363265306122,2.0,0.065,0.24,0.013269999999999999,0.042145852339964415,2.1686455922722523
0.0228862973760933,0.05894123906705539,2.0,0.065,0.44,0.013269999999999999,0.01828739757218579,1.251479183178158
0.14594594594594595,0.22012733590733594,1.3333333333333333,0.08,0.0,0.0134,0.19167403664449423,0.7614278308159073
0.1431145431145431,0.1939430115830116,1.3333333333333333,0.08,0.065,0.0134,0.15268156210364076,0.9373400503814369
0.13918918918918918,0.18387490347490348,1.3333333333333333,0.08,0.09,0.0134,0.13866697522534363,1.0037659577054805
0.13288288288288289,0.1783131274131274,1.3333333333333333,0.08,0.1038,0.0134,0.13118795468941813,1.0129198461663453
0.1341055341055341,0.1639715057915058,1.3333333333333333,0.08,0.1394,0.0134,0.11279919996063986,1.1888872806928497
0.13751608751608752,0.16058787644787645,1.3333333333333333,0.08,0.1478,0.0134,0.10865614782671694,1.2656079777040867
0.1287001287001287,0.15269274131274133,1.3333333333333333,0.08,0.1674,0.0134,0.09928790541588847,1.2962316826106954
0.1341055341055341,0.1402861003861004,1.3333333333333333,0.08,0.19820000000000002,0.0134,0.08542783323072214,1.5698107868818818
0.12368082368082368,0.13891505791505793,1.3333333333333333,0.08,0.2016,0.0134,0.08396235876570848,1.4730508468199066
0.11801801801801802,0.12707235521235521,1.3333333333333333,0.08,0.231,0.0134,0.07184505471489872,1.6426742033442183
0.1802434456928839,0.21626696629213482,1.3333333333333333,0.08,0.0,0.0134,0.18880405501065334,0.9546587634609521
0.1720505617977528,0.19323477528089888,1.3333333333333333,0.08,0.0582,0.0134,0.15415843499368304,1.1160632358832843
0.16385767790262173,0.19030634831460674,1.3333333333333333,0.08,0.06559999999999999,0.0134,0.1499581882402304,1.09268910104545
0.16142322097378278,0.18412955056179778,1.3333333333333333,0.08,0.0812,0.0134,0.14126721438733028,1.1426800030981585
0.16404494382022472,0.17558140449438203,1.3333333333333333,0.08,0.10279999999999999,0.0134,0.1296229501828082,1.2655547770581592
0.16797752808988764,0.16402578651685393,1.3333333333333333,0.08,0.132,0.0134,0.11462982454874421,1.465391129674619
0.1548689138576779,0.1595917415730337,1.3333333333333333,0.08,0.1432,0.0134,0.10911439593530266,1.4193261350180093
0.16100187265917604,0.14779898876404496,1.3333333333333333,0.08,0.17300000000000001,0.0134,0.09510087975365733,1.6929588146421362
0.16142322097378278,0.1447915168539326,1.3333333333333333,0.08,0.18059999999999998,0.0134,0.09168260649306685,1.760674430498328
0.15042134831460677,0.13544915730337082,1.3333333333333333,0.08,0.20420000000000002,0.0134,0.0814750727958643,1.8462253932744224
0.06964194559906658,0.08275192189892804,1.8666666666666667,0.05714285714285714,0.0,0.00957,0.07875792406034626,0.8842531901387498
0.050644270346369195,0.09370587203791468,1.8666666666666667,0.05714285714285714,0.3994,0.00957,0.03314437499517347,1.5279899033770914
0.07256235827664398,0.08169897959183672,1.5,0.05333333333333334,0.0,0.0067,0.07779542411561861,0.9327329865674706
0.04365079365079364,0.06076831632653062,1.5,0.05333333333333334,0.14,0.0067,0.0437691354890917,0.9972962262796452
0.04251700680272108,0.05329234693877551,1.5,0.05333333333333334,0.19,0.0067,0.034256286399161846,1.2411446561166464
0.04251700680272108,0.05777724489795919,1.5,0.05333333333333334,0.16,0.0067,0.039801935751746016,1.0682145478528884
0.05646258503401359,0.04133147959183673,1.5,0.05333333333333334,0.27,0.0067,0.021746788415970372,2.5963642977529817
0.175,0.12444,1.5,0.06,0.0,0.010369999999999999,0.13896869072258333,1.2592764534951564
0.19768518518518519,0.1539644,1.5,0.06666666666666667,0.0,0.01236,0.17314750730638545,1.141715455570378
0.1912037037037037,0.18449946666666664,1.5,0.07333333333333333,0.0,0.01456,0.20672417644000166,0.9249218306074495
0.16527777777777777,0.1539644,1.5,0.06666666666666667,0.0,0.01236,0.17314750730638545,0.9545489874440863
0.13935185185185187,0.12444,1.5,0.06,0.0,0.010369999999999999,0.13896869072258333,1.0027571759313285
0.17175925925925925,0.1539644,1.5,0.06666666666666667,0.0,0.01236,0.17314750730638545,0.9919822810693446
0.15231481481481482,0.18449946666666664,1.5,0.07333333333333333,0.0,0.01456,0.20672417644000166,0.7368021362466123
0.19444444444444445,0.1539644,1.5,0.06666666666666667,0.0,0.01236,0.17314750730638545,1.1229988087577487
0.12962962962962962,0.11890587666666665,1.5,0.06,0.024300000000000002,0.010369999999999999,0.127540303367382,1.0163816943121837
0.1361111111111111,0.14015828,1.5,0.06666666666666667,0.049,0.01236,0.14582909444069192,0.933360463034809
0.14583333333333334,0.18449946666666664,1.5,0.07333333333333333,0.0,0.01456,0.20672417644000166,0.7054488538531395
0.14907407407407408,0.14210292000000002,1.5,0.06666666666666667,0.0421,0.01236,0.14955595691201784,0.9967779094334086
0.11342592592592593,0.11498947333333333,1.5,0.06,0.0415,0.010369999999999999,0.11973595617121904,0.9473004563786174
0.1587962962962963,0.1539644,1.5,0.06666666666666667,0.0,0.01236,0.17314750730638545,0.9171156938188281
0.14907407407407408,0.17001712,1.5,0.07333333333333333,0.0429,0.01456,0.17899262010096928,0.8328503934407003
0.14907407407407408,0.14041372,1.5,0.06666666666666667,0.0481,0.01236,0.14631452755202995,1.0188603727067556
0.09851851851851852,0.11050272,1.5,0.06,0.061200000000000004,0.010369999999999999,0.11109450028589428,0.8867992408713995
0.1250925925925926,0.12592779999999998,1.5,0.06666666666666667,0.09949999999999999,0.01236,0.11986805845795219,1.0435857075008275
0.13805555555555554,0.15093866666666667,1.5,0.07333333333333333,0.09939999999999999,0.01456,0.14478820935524916,0.9534999857400368
0.15555555555555556,0.14114295999999998,1.5,0.06666666666666667,0.0455,0.01236,0.14771274627086292,1.0530950069150509
0.09916666666666667,0.08638555666666667,1.5,0.06,0.1671,0.010369999999999999,0.07034782241032823,1.4096622079961831
0.13805555555555554,0.12356292000000002,1.5,0.06666666666666667,0.1079,0.01236,0.11578590478302017,1.1923347303306748
0.14453703703703705,0.14860906666666668,1.5,0.07333333333333333,0.1063,0.01456,0.1408212535026655,1.026386525058884
0.1250925925925926,0.11781551999999999,1.5,0.06666666666666667,0.1283,0.01236,0.10615843459829254,1.1783575470564125
0.11212962962962963,0.08641666666666667,1.5,0.06,0.0,0.010369999999999999,0.09941575425682267,1.1278859217822053
0.11212962962962963,0.10639899999999998,1.5,0.06666666666666667,0.0,0.01236,0.12446392394250695,0.9009006471740773
0.11212962962962963,0.13316576,1.5,0.07333333333333333,0.0,0.01456,0.15605910111838003,0.7185074681711302
0.11212962962962963,0.10639899999999998,1.5,0.06666666666666667,0.0,0.01236,0.12446392394250695,0.9009006471740773
0.11212962962962963,0.08641666666666667,1.5,0.06,0.0,0.010369999999999999,0.09941575425682267,1.1278859217822053
0.11212962962962963,0.104236,1.5,0.06666666666666667,0.0111,0.01236,0.119674109635756,0.9369581271246639
0.14583333333333334,0.12478405333333334,1.5,0.07333333333333333,0.0344,0.01456,0.1383099678910986,1.0543949619607926
0.11212962962962963,0.10639899999999998,1.5,0.06666666666666667,0.0,0.01236,0.12446392394250695,0.9009006471740773
0.1004074074074074,0.08116599,1.5,0.06,0.0332,0.010369999999999999,0.08798686727338975,1.1411635681427885
0.1004074074074074,0.0989212,1.5,0.06666666666666667,0.0384,0.01236,0.10829748527992274,0.9271444036570065
0.1004074074074074,0.12242048,1.5,0.07333333333333333,0.0441,0.01456,0.13348067305180195,0.7522243116682572
0.1004074074074074,0.10149208,1.5,0.06666666666666667,0.0252,0.01236,0.11372797254918185,0.8828734493089293
0.1004074074074074,0.07963123,1.5,0.06,0.0429,0.010369999999999999,0.0847883022371175,1.1842129722872594
0.09340740740740741,0.0929266,1.5,0.06666666666666667,0.0692,0.01236,0.09616022825682378,0.9713725632798607
0.1037037037037037,0.11381551999999999,1.5,0.07333333333333333,0.0794,0.01456,0.11659120021707009,0.8894642435331965
0.08425925925925926,0.08751292,1.5,0.06666666666666667,0.09699999999999999,0.01236,0.08585003014378341,0.9814703514738445
0.1004074074074074,0.08083415,1.5,0.06,0.0353,0.010369999999999999,0.08728938639336803,1.1502819707647303
0.08425925925925926,0.08805676,1.5,0.06666666666666667,0.0942,0.01236,0.0868590278196088,0.9700691036313598
0.0705925925925926,0.09568346666666667,1.5,0.07333333333333333,0.15380000000000002,0.01456,0.08473348709973003,0.8331132709020483
0.08031481481481481,0.08729867999999999,1.5,0.06666666666666667,0.0981,0.01236,0.08545482057739902,0.9398511900457535
0.0705925925925926,0.053841039999999986,1.5,0.06,0.20600000000000002,0.010369999999999999,0.04062643578734373,1.73760240652428
0.08031481481481481,0.08579899999999999,1.5,0.06666666666666667,0.1058,0.01236,0.08271570792514432,0.9709741575021971
0.08425925925925926,0.10487082666666668,1.5,0.07333333333333333,0.1161,0.01456,0.10022676270267454,0.8406862297769376
0.0705925925925926,0.08081379999999999,1.5,0.06666666666666667,0.13140000000000002,0.01236,0.07395473013715782,0.9545378971929214
0.04195705847423196,0.043912404287902,1.8666666666666667,0.04285714285714286,0.0,0.005390000000000001,0.04274401759677888,0.981589023054159
0.04190497025762832,0.04449019908116387,1.8666666666666667,0.04285714285714286,0.0,0.005390000000000001,0.043291342332024814,0.9679757660604826
0.03518047597587931,0.05330488958990537,1.8666666666666667,0.04285714285714286,0.5442,0.005390000000000001,0.010993195754495274,3.2002046321692683
0.025617502521513336,0.05338990536277603,1.8666666666666667,0.04285714285714286,0.368,0.005390000000000001,0.021040680651636622,1.2175225196206148
0.13143866409762364,0.13349871676300576,1.5,0.06666666666666667,0.0,0.01236,0.15272763018122598,0.8606082864093357
0.12700706486833654,0.1215280924855491,1.5,0.06666666666666667,0.049,0.01236,0.12820454953763363,0.990659577420491
0.11719653179190752,0.11832735260115607,1.5,0.06666666666666667,0.0621,0.01236,0.12198845877836753,0.9607181938812249
0.10785163776493256,0.11016832369942194,1.5,0.06666666666666667,0.0955,0.01236,0.10682683208928269,1.0095931486088943
0.09630700064226076,0.10215575722543353,1.5,0.06666666666666667,0.1283,0.01236,0.0929256507174914,1.036387691650922
0.13322093770070648,0.13349871676300576,1.5,0.06666666666666667,0.0,0.01236,0.15272763018122598,0.8722779076885241
0.10144508670520232,0.10918952601156069,1.5,0.06666666666666667,0.09949999999999999,0.01236,0.10507701764203754,0.9654355346360514
0.11981374438021837,0.13349871676300576,1.5,0.06666666666666667,0.0,0.01236,0.15272763018122598,0.7844929187865213
0.08945086705202313,0.10713905202312139,1.5,0.06666666666666667,0.1079,0.01236,0.10145459273455679,0.8816837625681481
0.13794155427103405,0.15726062427745663,1.5,0.07333333333333333,0.0,0.01456,0.18049801316558586,0.7642275493885285
0.11522157996146436,0.12666779190751443,1.5,0.07333333333333333,0.1063,0.01456,0.12180699481192418,0.9459356594370626
0.08426856504745954,0.08020025125628141,1.5,0.06666666666666667,0.0,0.01236,0.09581325622139902,0.8795084142922482
0.07546063651591291,0.07444570854271358,1.5,0.06666666666666667,0.0392,0.01236,0.08285167388354224,0.9107919367082636
0.06913735343383585,0.06994269346733668,1.5,0.06666666666666667,0.0699,0.01236,0.07341765481984672,0.9416992902250293
0.060315466219988845,0.06568501507537688,1.5,0.06666666666666667,0.0989,0.01236,0.06507931300475604,0.926799368880568
0.05286152987158013,0.06091492462311558,1.5,0.06666666666666667,0.13140000000000002,0.01236,0.05640029068726265,0.9372563372890256
0.09630094919039645,0.08020025125628141,1.5,0.06666666666666667,0.0,0.01236,0.09581325622139902,1.005090036475438
0.07269681742043552,0.06637444221105528,1.5,0.06666666666666667,0.0942,0.01236,0.06639205685017106,1.0949625733767008
0.07606085985482972,0.08020025125628141,1.5,0.06666666666666667,0.0,0.01236,0.09581325622139902,0.7938448483482624
0.05547180346175322,0.06467261306532664,1.5,0.06666666666666667,0.1058,0.01236,0.06317844730934496,0.8780178339955527
0.10926856504745953,0.09447537688442212,1.5,0.07333333333333333,0.0,0.01456,0.11438125972284226,0.9553012907204265
0.0863065326633166,0.07440233165829147,1.5,0.07333333333333333,0.1161,0.01456,0.07249456389915586,1.1905241996265263
0.04581158650290131,0.04503580245022972,1.8666666666666667,0.04285714285714286,0.0,0.005390000000000001,0.043807813303729834,1.045740087168443
0.03605227579990987,0.052948673501577295,1.8666666666666667,0.04285714285714286,0.5904,0.005390000000000001,0.008829697292845566,4.083070416142343
0.0667989417989418,0.06491955555555556,1.8666666666666667,0.04285714285714286,0.0,0.005390000000000001,0.06239131953319466,1.0706447996087358
0.05873015873015873,0.05716274666666668,1.8666666666666667,0.04285714285714286,0.1183,0.005390000000000001,0.043241937803421567,1.3581759216514955
0.05857898715041572,0.05006112222222223,1.8666666666666667,0.04285714285714286,0.12300000000000001,0.005390000000000001,0.03760129826002143,1.5578979945141482
0.05312998093571272,0.04662803981623278,1.8666666666666667,0.04285714285714286,0.0,0.005390000000000001,0.04531303438508728,1.1725098894104968
0.04941869550270338,0.04662803981623278,1.8666666666666667,0.04285714285714286,0.0,0.005390000000000001,0.04531303438508728,1.0906066250766753
0.04701012897272474,0.05962496214511042,1.8666666666666667,0.04285714285714286,0.2672,0.005390000000000001,0.031390087149811265,1.4976106548658432
0.04092094250949591,0.05962496214511042,1.8666666666666667,0.04285714285714286,0.2927,0.005390000000000001,0.029281827054541708,1.397485970847196
0.1527400881057269,0.17131275330396475,1.6666666666666667,0.088,0.0,0.02027,0.15407445751380022,0.9913394508758611
0.1494273127753304,0.17131275330396475,1.6666666666666667,0.088,0.0,0.02027,0.15407445751380022,0.9698383183464813
0.1494273127753304,0.16613809911894273,1.6666666666666667,0.088,0.0165,0.02027,0.14553382433589057,1.0267531514217183
0.15351541850220266,0.16613809911894273,1.6666666666666667,0.088,0.0165,0.02027,0.14553382433589057,1.0548435678285388
0.14047577092511013,0.16222250660792953,1.6666666666666667,0.088,0.028999999999999998,0.02027,0.139212193974119,1.009076625509013
0.13899559471365638,0.16187425550660794,1.6666666666666667,0.088,0.0301,0.02027,0.13865917221281485,1.0024262549348355
0.1302555066079295,0.1576773832599119,1.6666666666666667,0.088,0.0435,0.02027,0.1320385790408662,0.9864958223127741
0.13511894273127753,0.15701659911894272,1.6666666666666667,0.088,0.045599999999999995,0.02027,0.13101243121122053,1.0313444417609228
0.12637885462555065,0.14783259251101322,1.6666666666666667,0.088,0.07490000000000001,0.02027,0.11712094477576877,1.0790457237815696
0.12426431718061674,0.1472968215859031,1.6666666666666667,0.088,0.0766,0.02027,0.1163360773165972,1.0681494515449719
0.1196828193832599,0.14275169823788547,1.6666666666666667,0.088,0.0911,0.02027,0.10976536145472189,1.0903514350711536
0.11418502202643172,0.14071576872246697,1.6666666666666667,0.088,0.09759999999999999,0.02027,0.10688295537046286,1.0683183453400915
0.24691358024691357,0.34249166666666675,2.0,0.07333333333333333,0.0,0.016890000000000002,0.27354930166988894,0.9026291741182415
0.21333333333333335,0.28567746,2.0,0.07333333333333333,0.04,0.016890000000000002,0.22255741630574136,0.9585541424522277
0.15733563020384725,0.20396311627906977,2.0,0.07333333333333333,0.08,0.016890000000000002,0.15514241393358047,1.0141367935089998
0.1688888888888889,0.23999001000000003,2.0,0.07333333333333333,0.121,0.016890000000000002,0.1652420065827586,1.022069946870948
0.04721796835119959,0.04662803981623278,1.8666666666666667,0.04285714285714286,0.0,0.005390000000000001,0.04531303438508728,1.0420394262260935
0.029574132492113565,0.05962496214511042,1.8666666666666667,0.04285714285714286,0.289,0.005390000000000001,0.029583445578546218,0.9996851926389735
0.0965432098765432,0.11634800000000001,2.0,0.043333333333333335,0.0,0.00885,0.10837174524353094,0.8908522203789662
0.08419753086419753,0.09195149999999999,2.0,0.043333333333333335,0.2944,0.00885,0.04454141024104424,1.8903202751899124
0.05333333333333334,0.05485525,2.0,0.043333333333333335,0.5697,0.00885,0.010094870647312395,5.283211167003167
0.10720513357048198,0.14403107344632768,0.72,0.08888888888888889,0.0,0.0134,0.13186501802263306,0.8129914603438001
0.10647276278161401,0.1384439548022599,0.72,0.08888888888888889,0.0212,0.0134,0.12232220114578296,0.870428767503295
0.10493827160493827,0.1358585875706215,0.72,0.08888888888888889,0.031,0.0134,0.11802692997772786,0.8891044749256846
0.10608913998744507,0.1387316384180791,0.72,0.08888888888888889,0.020099999999999996,0.0134,0.1228070008877919,0.8638688284911229
0.06680484693877552,0.0795520125,1.75,0.09285714285714286,0.1663,0.011850000000000001,0.053499439671116214,1.248701806027377
0.0742984693877551,0.08566365000000002,1.75,0.09285714285714286,0.1371,0.011850000000000001,0.06139707018764438,1.2101305349046934
0.06489158163265307,0.071200725,1.75,0.09285714285714286,0.20620000000000002,0.011850000000000001,0.043684790562958785,1.4854502172588175
0.05309311224489796,0.06312495,1.75,0.09285714285714286,0.24480000000000002,0.011850000000000001,0.03524262641162852,1.5065027113694216
0.08558723196881092,0.10604385964912279,1.6666666666666667,0.06,0.0,0.00942,0.09947605215124136,0.8603802635702293
0.08302875243664717,0.10220149122807017,1.6666666666666667,0.06,0.019799999999999998,0.00942,0.0925665849456225,0.8969624674543384
0.07876461988304094,0.09707833333333331,1.6666666666666667,0.06,0.0462,0.00942,0.08376762618529049,0.9402751811161139
0.07188109161793373,0.08900522807017543,1.6666666666666667,0.06,0.08779999999999999,0.00942,0.07086974884781937,1.0142704438290877
0.07407407407407407,0.10103638596491227,1.6666666666666667,0.06,0.0258,0.00942,0.09052453260908447,0.8182762389279706
0.06950536062378168,0.0949436842105263,1.6666666666666667,0.06,0.0572,0.00942,0.08024182786666187,0.8661986207402825
0.06609405458089669,0.08636652631578946,1.6666666666666667,0.06,0.1014,0.00942,0.06691094914750034,0.9877913170114675
0.07182017543859649,0.1002789298245614,1.6666666666666667,0.06,0.0297,0.00942,0.08921020499047003,0.8050668132224196
0.06645955165692008,0.09393557894736841,1.6666666666666667,0.06,0.062400000000000004,0.00942,0.0786047277176243,0.8454905142050241
0.057504873294346975,0.08450180701754385,1.6666666666666667,0.06,0.111,0.00942,0.06419120947877711,0.8958371989136492
0.06956627680311891,0.0999897192982456,1.6666666666666667,0.06,0.031200000000000002,0.00942,0.08870922127371225,0.784205698170568
0.05847953216374269,0.09317812280701754,1.6666666666666667,0.06,0.0663,0.00942,0.0773879704946779,0.7556669568917617
0.022538986354775827,0.08495077192982455,1.6666666666666667,0.06,0.10869999999999999,0.00942,0.0648386843330106,0.3476163433393543
0.1331986531986532,0.07931818181818183,1.5,0.06666666666666667,0.0,0.01047,0.07563094291045314,1.7611661057347932
0.12942760942760942,0.07846789090909091,1.5,0.06666666666666667,0.0059,0.01047,0.07402083259101319,1.7485295003736978
0.12794612794612795,0.07850596363636364,1.5,0.06666666666666667,0.005600000000000001,0.01047,0.07409759396752219,1.7267244602059302
0.12444444444444444,0.07861383636363636,1.5,0.06666666666666667,0.0049,0.01047,0.07429400871058806,1.6750266489080856
0.13292929292929292,0.07860114545454545,1.5,0.06666666666666667,0.005,0.01047,0.07426837811821684,1.7898504895004232
0.13077441077441077,0.07931818181818183,1.5,0.06666666666666667,0.0,0.01047,0.07563094291045314,1.7291125264595388
0.12538720538720538,0.07780161818181817,1.5,0.06666666666666667,0.0105,0.01047,0.07277601260638981,1.7229194194159003
0.12606060606060607,0.07770009090909091,1.5,0.06666666666666667,0.011200000000000002,0.01047,0.07258750082193574,1.7366709782424539
0.12121212121212122,0.07764298181818183,1.5,0.06666666666666667,0.0116,0.01047,0.07248070997616017,1.6723362843988343
0.12606060606060607,0.07782382727272727,1.5,0.06666666666666667,0.0103,0.01047,0.07282386047661447,1.7310343785068525
0.1301010101010101,0.07931818181818183,1.5,0.06666666666666667,0.0,0.01047,0.07563094291045314,1.720208754438635
0.12094276094276095,0.0758503909090909,1.5,0.06666666666666667,0.0239,0.01047,0.06920838401527507,1.747516036728549
0.12255892255892256,0.0759646090909091,1.5,0.06666666666666667,0.0231,0.01047,0.06941655682101149,1.765557500567726
0.12121212121212122,0.07566002727272728,1.5,0.06666666666666667,0.0252,0.01047,0.06886671890289499,1.7600972304638975
0.12511784511784513,0.076082,1.5,0.06666666666666667,0.0223,0.01047,0.06962785799411088,1.7969509435207327
0.1296969696969697,0.07931818181818183,1.5,0.06666666666666667,0.0,0.01047,0.07563094291045314,1.7148664912260927
0.11124579124579125,0.07346767272727273,1.5,0.06666666666666667,0.0403,0.01047,0.0649839417621324,1.7118966352179126
0.10154882154882156,0.07387378181818181,1.5,0.06666666666666667,0.0375,0.01047,0.0656939232858986,1.545787136306096
0.10585858585858586,0.07143712727272727,1.5,0.06666666666666667,0.054299999999999994,0.01047,0.06149972262972781,1.7212855819843293
0.1115151515151515,0.07303935454545456,1.5,0.06666666666666667,0.0433,0.01047,0.06423384528255821,1.7360808935633167
0.08960386473429952,0.0484128,1.3043478260869565,0.04,0.0,0.00328,0.047008811635786824,1.9061078469400399
0.08560386473429951,0.043952,1.3043478260869565,0.04,0.1052,0.00328,0.03444376570237784,2.485322466596323
0.07907246376811594,0.0423776,1.3043478260869565,0.04,0.20739999999999997,0.00328,0.026191045022613137,3.019064863576288
0.06902415458937199,0.03936,1.3043478260869565,0.04,0.303,0.00328,0.018896015314159492,3.652841799807899
0.09161352657004831,0.058384,1.3043478260869565,0.04,0.0,0.00328,0.05634877626712786,1.625829922831755
0.08409661835748793,0.05576,1.3043478260869565,0.04,0.10890000000000001,0.00328,0.04310030530127848,1.9511838203845246
0.07739130434782608,0.047232,1.3043478260869565,0.04,0.20170000000000002,0.00328,0.02955111483208045,2.618896267961123
0.07203864734299517,0.044607999999999995,1.3043478260869565,0.04,0.3015,0.00328,0.02147396046633578,3.3546977724918725
0.0783117213323163,0.03981315789473684,1.3043478260869565,0.04,0.0,0.00328,0.0388597385631261,2.0152405607439183
0.07046147978642257,0.036144736842105264,1.3043478260869565,0.04,0.1001,0.00328,0.02875109425636013,2.450740801659594
0.06626620900076277,0.03485,1.3043478260869565,0.04,0.2046,0.00328,0.021750392565302663,3.0466672636738528
0.0619279176201373,0.03236842105263158,1.3043478260869565,0.04,0.305,0.00328,0.015482466212672666,3.999874229949763
0.08129926264937706,0.04801315789473684,1.3043478260869565,0.04,0.0,0.00328,0.04663203390142275,1.7434209029191972
0.07534007119247393,0.04585526315789474,1.3043478260869565,0.04,0.1045,0.00328,0.035957370053320795,2.0952608903474577
0.07122425629290619,0.0388421052631579,1.3043478260869565,0.04,0.203,0.00328,0.024301500174831563,2.9308584153447166
0.06709255021612001,0.03668421052631579,1.3043478260869565,0.04,0.301,0.00328,0.017725244477162422,3.7851410344474212
0.10450708061002179,0.1032004357298475,1.6,0.075,0.0,0.01414,0.09691736895043478,1.0783111607525016
0.10246459694989107,0.10096083224400873,1.6,0.075,0.0215,0.01414,0.09115234284734679,1.124102724616623
0.1014433551198257,0.10010442265795207,1.6,0.075,0.0297,0.01414,0.08900478640988796,1.1397516831584227
0.10169866557734204,0.09804041394335512,1.6,0.075,0.0495,0.01414,0.08394375884508733,1.2115095508770368
0.0997412854030501,0.09604109803921568,1.6,0.075,0.0687,0.01414,0.07920174441269554,1.2593319268743557
0.10476239106753812,0.10054186928104576,1.6,0.075,0.0255,0.01414,0.09010006740808991,1.1627337701429035
0.10076252723311546,0.09968854030501091,1.6,0.075,0.0337,0.01414,0.0879694355516091,1.1454265518618796
0.09616693899782135,0.09791718954248366,1.6,0.075,0.0507,0.01414,0.08364405372229919,1.149716384109007
0.09318831699346405,0.09592403485838781,1.6,0.075,0.0698,0.01414,0.0789329886808423,1.1806003871240929
0.09914556100217865,0.09994731154684096,1.6,0.075,0.031200000000000002,0.01414,0.08861474705790867,1.1188381651350674
0.09497549019607843,0.09942668845315905,1.6,0.075,0.0362,0.01414,0.08732429436744191,1.087618180989152
0.08765659041394336,0.0979572374727669,1.6,0.075,0.050300000000000004,0.01414,0.0837430562930899,1.0467326402222126
0.08084831154684095,0.09575768191721132,1.6,0.075,0.07139999999999999,0.01414,0.07854608274014847,1.0293105489971903
0.10161356209150327,0.09581621350762526,1.6,0.075,0.0391,0.01414,0.08384992011526346,1.2118504341068088
0.10042211328976035,0.08965807407407407,1.6,0.075,0.0717,0.01414,0.07373653129167379,1.361904493344398
0.10093273420479303,0.0974982265795207,1.6,0.075,0.0302,0.01414,0.08673564761168322,1.1636822573421066
0.09710307734204793,0.09062230501089326,1.6,0.075,0.0666,0.01414,0.07527218061207934,1.2900260966594777
0.09897535403050109,0.09678044444444445,1.6,0.075,0.034,0.01414,0.08549736117533623,1.1576422087171143
0.08808210784313726,0.08965807407407407,1.6,0.075,0.0717,0.01414,0.07373653129167379,1.1945518225520781
0.18781094527363182,0.25649999999999995,2.0,0.07,0.0,0.01539,0.21784294225392525,0.8621392243899869
0.16430348258706465,0.2463395373134328,2.0,0.07,0.0217,0.01539,0.20310953730376,0.80894026330896
0.154228855721393,0.23609485074626865,2.0,0.07,0.0435,0.01539,0.18859612125111053,0.817773211337902
0.15186567164179102,0.22593438805970145,2.0,0.07,0.06509999999999999,0.01539,0.1745736114001837,0.869923411813151
0.14800995024875618,0.21576626865671641,2.0,0.07,0.0868,0.01539,0.1609249026545795,0.9197454701368073
0.1380597014925373,0.19536111940298506,2.0,0.07,0.13019999999999998,0.01539,0.1349809784460056,1.0228085696368192
0.12450248756218903,0.1813187014925373,2.0,0.07,0.1602,0.01539,0.11828519423903643,1.0525618896189863
0.10684079601990047,0.1624678656716418,2.0,0.07,0.2003,0.01539,0.09757370364589427,1.094975306129995
0.09452736318407959,0.13429880597014926,2.0,0.07,0.26030000000000003,0.01539,0.07032272886151952,1.3441936158396834
0.0894278606965174,0.1352176119402985,2.0,0.07,0.34049999999999997,0.01539,0.056790523185315474,1.574696898014158
0.12810457516339868,0.12932773109243698,2.0833333333333335,0.056,0.0,0.01026,0.11951620847870492,1.0718594305660558
0.1284407096171802,0.11342329411764705,2.0833333333333335,0.056,0.0672,0.01026,0.09298355820913336,1.3813271086948364
0.11043884220354809,0.10322364705882353,2.0833333333333335,0.056,0.1103,0.01026,0.07779938578317085,1.4195336003210148
0.09012138188608777,0.09784936134453781,2.0833333333333335,0.056,0.133,0.01026,0.07038657825335846,1.280377369129855
0.13639589169000935,0.12932773109243698,2.0833333333333335,0.056,0.0,0.01026,0.11951620847870492,1.1412334228650836
0.10827264239028946,0.10899741176470588,2.0833333333333335,0.056,0.0859,0.01026,0.08621671823143195,1.25581957433885
0.12298786181139122,0.11389749579831933,2.0833333333333335,0.056,0.0652,0.01026,0.09372404143873457,1.3122338721573994
0.11719887955182073,0.10435885714285714,2.0833333333333335,0.056,0.10550000000000001,0.01026,0.0794178996837843,1.4757237350580632
0.12683473389355743,0.10490203361344537,2.0833333333333335,0.056,0.1032,0.01026,0.08019928514121798,1.5814945690628284
0.11753501400560223,0.10192174789915964,2.0833333333333335,0.056,0.1158,0.01026,0.07596628640322811,1.547199679891259
0.08130718954248366,0.0907018487394958,2.0833333333333335,0.056,0.1632,0.01026,0.061154216911355995,1.329543466484735
0.08851540616246499,0.10187289075630253,2.0833333333333335,0.056,0.11599999999999999,0.01026,0.07589900301884929,1.166226203794567
0.10927947598253275,0.13705349344978168,2.0,0.06,0.0,0.01131,0.1260015734661528,0.8672865979081442
0.10534934497816593,0.1277733668122271,2.0,0.06,0.037000000000000005,0.01131,0.1102314775408594,0.9557101776043616
0.10054585152838429,0.1088328209606987,2.0,0.06,0.081,0.01131,0.08694429368572959,1.1564399141802122
0.09486899563318778,0.08254324454148473,2.0,0.06,0.132,0.01131,0.0599136425341515,1.5834289424000771
0.10701639344262295,0.13347540983606557,1.6666666666666667,0.052,0.0,0.0070799999999999995,0.12298058401863868,0.870189341647652
0.10347540983606557,0.1087708524590164,1.6666666666666667,0.052,0.0698,0.0070799999999999995,0.08889468638506325,1.1640224409796927
0.10150819672131148,0.1087708524590164,1.6666666666666667,0.052,0.0698,0.0070799999999999995,0.08889468638506325,1.1418927367785578
0.1058360655737705,0.1087708524590164,1.6666666666666667,0.052,0.0698,0.0070799999999999995,0.08889468638506325,1.1905780860210546
0.10281967213114754,0.1087708524590164,1.6666666666666667,0.052,0.0698,0.0070799999999999995,0.08889468638506325,1.1566458729126476
0.09442622950819672,0.1087708524590164,1.6666666666666667,0.052,0.0698,0.0070799999999999995,0.08889468638506325,1.0622258016544723
0.09744262295081967,0.1087708524590164,1.6666666666666667,0.052,0.0698,0.0070799999999999995,0.08889468638506325,1.096158014762879
0.10124590163934426,0.1087708524590164,1.6666666666666667,0.052,0.0698,0.0070799999999999995,0.08889468638506325,1.1389421095517398
0.08199314285714286,0.08782994285714285,2.0,0.044,0.0,0.0060799999999999995,0.08331974129951616,0.9840782217793443
0.05256170212765957,0.036758127659574466,2.0,0.044,0.3,0.0060799999999999995,0.01782680808994873,2.948464013436897
0.07132936507936508,0.06879464285714287,1.5,0.05333333333333334,0.0,0.0067,0.06603018042681216,1.0802539780794107
0.06785714285714285,0.06703140625000001,1.5,0.05333333333333334,0.013999999999999999,0.0067,0.06268807202251123,1.0824570076549078
0.054464285714285715,0.06589928571428572,1.5,0.05333333333333334,0.023,0.0067,0.060593220038919315,0.8988511533023504
0.051587301587301584,0.058094084821428575,1.5,0.05333333333333334,0.085,0.0067,0.04726039676527447,1.0915545598044236
0.0439484126984127,0.05620522321428573,1.5,0.05333333333333334,0.1,0.0067,0.04432030777826982,0.9916089237981452
0.024107142857142858,0.049280892857142856,1.5,0.05333333333333334,0.155,0.0067,0.03446984080828716,0.6993691381176055
0.025793650793650792,0.04550466517857143,1.5,0.05333333333333334,0.185,0.0067,0.02969692303503922,0.8685630751447555
0.07343915343915344,0.07338095238095238,1.5,0.05333333333333334,0.0,0.0067,0.07023410117335901,1.0456338475505422
0.07555555555555556,0.07230735714285715,1.5,0.05333333333333334,0.008,0.0067,0.06819689412373207,1.107903175450665
0.0691005291005291,0.0721717619047619,1.5,0.05333333333333334,0.009000000000000001,0.0067,0.06794337776527247,1.017031112866574
0.059788359788359786,0.07150016666666667,1.5,0.05333333333333334,0.013999999999999999,0.0067,0.06668952239012588,0.8965180383000031
0.05915343915343915,0.06720419047619047,1.5,0.05333333333333334,0.046,0.0067,0.0589805171807611,1.0029318490400498
0.04634920634920635,0.06196702380952381,1.5,0.05333333333333334,0.085,0.0067,0.05031207412258245,0.9212342595194782
0.0455026455026455,0.060489833333333326,1.5,0.05333333333333334,0.096,0.0067,0.04801016503369021,0.9477710703705121
0.03238095238095238,0.05323788095238096,1.5,0.05333333333333334,0.15,0.0067,0.03760538517931043,0.8610722168262112
0.02761904761904762,0.04947790476190477,1.5,0.05333333333333334,0.17800000000000002,0.0067,0.03278387661434876,0.8424582590992118
0.05507708665603402,0.07373205741626794,1.5,0.05333333333333334,0.0,0.0067,0.07055491206225861,0.7806272454486691
0.04508240297713982,0.06334224880382776,1.5,0.05333333333333334,0.077,0.0067,0.05226571886446224,0.8625616169950612
0.04412546517809676,0.06658004784688995,1.5,0.05333333333333334,0.053,0.0067,0.0576294937708631,0.7656750439894747
0.05699096225412015,0.07008873205741627,1.5,0.05333333333333334,0.027000000000000003,0.0067,0.06378388899606424,0.8935009004803196
0.052099946836788945,0.06901,1.5,0.05333333333333334,0.035,0.0067,0.061852822168285373,0.8423212556904615
0.04603934077618288,0.06442258373205742,1.5,0.05333333333333334,0.069,0.0067,0.05402094422247355,0.8522498345563868
0.022647527910685805,0.053357966507177036,1.5,0.05333333333333334,0.151,0.0067,0.037601666891268225,0.6023011686203987
0.03487506645401382,0.06172334928229666,1.5,0.05333333333333334,0.08900000000000001,0.0067,0.04969677532490514,0.7017571306389463
0.013290802764486975,0.05160282296650718,1.5,0.05333333333333334,0.16399999999999998,0.0067,0.03531053830715321,0.37639762523230985
0.12281594571670909,0.12254961832061069,1.5,0.06666666666666667,0.0,0.01047,0.11373504905269446,1.079842552842329
0.12258976533785697,0.11312928244274809,1.5,0.06666666666666667,0.042,0.01047,0.0975021006101307,1.2573038382838655
0.1162567147299972,0.11245792366412215,1.5,0.06666666666666667,0.045,0.01047,0.09639353472744029,1.2060634051725718
0.09669211195928755,0.11671785496183207,1.5,0.06666666666666667,0.026000000000000002,0.01047,0.10353350227311083,0.9339209998346585
0.09194232400339274,0.11357951908396946,1.5,0.06666666666666667,0.04,0.01047,0.09824700773739925,0.9358282366129861
0.09035906135142778,0.10797154198473281,1.5,0.06666666666666667,0.065,0.01047,0.08916622961242682,1.013377617784062
0.0885496183206107,0.10573101526717558,1.5,0.06666666666666667,0.075,0.01047,0.08566716704509027,1.0336470946214817
0.08823802882380288,0.10075732217573222,1.5,0.06666666666666667,0.0,0.01047,0.09480229257330186,0.9307583859913151
0.08079962807996281,0.09614876987447699,1.5,0.06666666666666667,0.025,0.01047,0.08650256833989275,0.9340720123185071
0.08238028823802883,0.09467245606694562,1.5,0.06666666666666667,0.033,0.01047,0.08393210058651077,0.981511098404091
0.06703858670385868,0.08840359832635984,1.5,0.06666666666666667,0.067,0.01047,0.07348405137736841,0.9122875705313275
0.06406322640632264,0.0854531610878661,1.5,0.06666666666666667,0.083,0.01047,0.06883175603284011,0.9307219530438484
0.06304044630404464,0.08379285564853557,1.5,0.06666666666666667,0.092,0.01047,0.0662887415399404,0.9509977839307963
0.08191538819153882,0.09651675313807531,1.5,0.06666666666666667,0.023,0.01047,0.08715084700422274,0.939926472402153
0.19166666666666668,0.1398792,1.5,0.06666666666666667,0.0,0.01047,0.12839172524699827,1.4928272542326302
0.2048611111111111,0.120681408,1.5,0.06666666666666667,0.075,0.01047,0.09700325120967934,2.1118994317859454
0.17222222222222222,0.112234212,1.5,0.06666666666666667,0.10800000000000001,0.01047,0.08462484888995471,2.035125905467533
0.25277777777777777,0.21856959999999998,1.5,0.08333333333333333,0.0,0.01636,0.1904924605093914,1.3269699866432019
0.25416666666666665,0.18537188799999998,1.5,0.08333333333333333,0.083,0.01636,0.14160357296688836,1.794917044403246
0.20277777777777778,0.162173408,1.5,0.08333333333333333,0.141,0.01636,0.11125683302764001,1.8226096524552413
0.10535314471809486,0.12057294117647058,1.7,0.07058823529411765,0.0,0.013309999999999999,0.11198682638004305,0.9407637319818685
0.10095664563403216,0.10033860941176469,1.7,0.07058823529411765,0.0917,0.013309999999999999,0.07872444646799065,1.2824052776932655
0.09183798086708732,0.10033860941176469,1.7,0.07058823529411765,0.0917,0.013309999999999999,0.07872444646799065,1.166575123579035
0.08776714838184409,0.10033860941176469,1.7,0.07058823529411765,0.0917,0.013309999999999999,0.07872444646799065,1.114865233349468
0.08012820512820513,0.06405076923076924,1.75,0.09285714285714286,0.1124,0.011850000000000001,0.04896790139969684,1.6363414162711332
0.07763975155279502,0.06791301242236027,1.75,0.09285714285714286,0.10800000000000001,0.011850000000000001,0.05232304656717692,1.4838538014623115
0.07457830070803832,0.0631725918367347,1.75,0.09285714285714286,0.13269999999999998,0.011850000000000001,0.046194896175698,1.6144272827107713
0.11382450331125828,0.1011370033112583,1.75,0.09285714285714286,0.1382,0.011850000000000001,0.07180179308024637,1.5852598999031533
0.075741374394069,0.05893305389221557,1.75,0.09285714285714286,0.1518,0.011850000000000001,0.04134526208959846,1.8319239150046125
0.1708369518019974,0.1418135489361702,1.75,0.1357142857142857,0.1295,0.02532,0.10065079394403527,1.6973234398626567
0.15156860616587062,0.14354823829787233,1.75,0.1357142857142857,0.1244,0.02532,0.10291147388489448,1.4728057080923618
0.09549804377709634,0.08286711139896373,1.75,0.09285714285714286,0.1189,0.011850000000000001,0.0619037918035081,1.5426848823771802
0.07162606978275181,0.08498290322580644,1.75,0.037142857142857144,0.0,0.00569,0.08071480797007649,0.8873968926408874
0.06925608953258723,0.0678761935483871,1.75,0.037142857142857144,0.11,0.00569,0.052051311839001344,1.3305349487982467
0.06477946017116525,0.05854459354838709,1.75,0.037142857142857144,0.17,0.00569,0.03936458803167208,1.6456277941749267
0.06504279131007241,0.05854459354838709,1.75,0.037142857142857144,0.17,0.00569,0.03936458803167208,1.6523173380536864
0.055299539170506916,0.05068321612903226,1.75,0.037142857142857144,0.26,0.00569,0.027294064682897152,2.0260646339406674
0.04818959842001316,0.04922217096774193,1.75,0.037142857142857144,0.28,0.00569,0.025127361360697147,1.917813722191647
0.02369980250164582,0.041913274193548386,1.75,0.037142857142857144,0.38,0.00569,0.015954676285936657,1.4854455256191033
0.05955681818181818,0.05023363636363636,1.6,0.03,0.0,0.00452,0.048789984477637986,1.220677129116837
0.05415340909090909,0.043072518181818176,1.6,0.03,0.0779,0.00452,0.035864412295077794,1.5099483199489476
0.04455113636363636,0.04173911818181818,1.6,0.03,0.0924,0.00452,0.033715135782059154,1.3213986932048298
0.038375,0.03553439090909091,1.6,0.03,0.15990000000000001,0.00452,0.0247300258649623,1.5517573741954718
0.13464166666666666,0.110148,1.6,0.04,0.0,0.00804,0.10304072615755702,1.3066839849399878
0.10946666666666668,0.10164168,1.6,0.04,0.042199999999999994,0.00804,0.08815531424682439,1.241747790271305
0.10700833333333333,0.09605924,1.6,0.04,0.0699,0.00804,0.07906052971921734,1.3534988155704537
0.08845833333333333,0.0938,1.6,0.04,0.08109999999999999,0.00804,0.0755346822369849,1.1710955909737115
0.08709490740740741,0.10633999999999999,1.5,0.08333333333333333,0.0,0.00818,0.09970211952215585,0.8735512126003815
0.019097222222222224,0.04238603333333333,1.5,0.08333333333333333,0.49,0.00818,0.010954749383541433,1.743282438840103
0.013310185185185185,0.03141392666666666,1.5,0.08333333333333333,0.61,0.00818,0.004765343854711609,2.793121669913723
0.07609953703703703,0.05336086666666666,1.5,0.08333333333333333,0.37,0.00818,0.02091818425403668,3.637960929728007
0.006076388888888889,0.02866817333333333,1.5,0.08333333333333333,0.64,0.00818,0.003707831791313976,1.6387984220652974
0.02546296296296296,0.049704406666666666,1.5,0.08333333333333333,0.41,0.00818,0.017128558694421227,1.4865794266306978
0.08449074074074074,0.09271757333333333,1.5,0.08333333333333333,0.07,0.00818,0.07641961302787284,1.105615919697527
0.08709490740740741,0.09271757333333333,1.5,0.08333333333333333,0.07,0.00818,0.07641961302787284,1.139693122701903
0.02662037037037037,0.05610389333333333,1.5,0.08333333333333333,0.34,0.00818,0.024091099537293777,1.1049877706561797
0.046296296296296294,0.049704406666666666,1.5,0.08333333333333333,0.41,0.00818,0.017128558694421227,2.7028716847830867
0.05150462962962963,0.05519046,1.5,0.08333333333333333,0.35,0.00818,0.02300154199153327,2.239181601328649
0.07552083333333333,0.05379713333333334,1.5,0.08333333333333333,0.27,0.00818,0.028189200412643514,2.679069722724752
0.08622685185185185,0.07909514666666666,1.5,0.08333333333333333,0.14,0.00818,0.0564939634905069,1.5263020422764493
0.08043981481481481,0.07131051333333333,1.5,0.08333333333333333,0.18,0.00818,0.04660357086486197,1.726044020276236
0.07118055555555555,0.06067651333333333,1.5,0.08333333333333333,0.29,0.00818,0.030041134066703352,2.3694363667332334
0.08101851851851852,0.08104198666666666,1.5,0.08333333333333333,0.13,0.00818,0.05913590309447876,1.3700394223975727
0.08043981481481481,0.08298882666666667,1.5,0.08333333333333333,0.12,0.00818,0.06184596353114463,1.300647774277243
0.08854166666666667,0.08882662,1.5,0.08333333333333333,0.09,0.00818,0.07038468160846328,1.257967851004957
0.09866898148148148,0.10633999999999999,1.5,0.08333333333333333,0.0,0.00818,0.09970211952215585,0.9896377524808309
0.0943287037037037,0.09077073333333333,1.5,0.08333333333333333,0.08,0.00818,0.07336674948247818,1.2857146373403359
0.09606481481481481,0.09466441333333334,1.5,0.08333333333333333,0.06,0.00818,0.07954119650975491,1.2077366073193712
0.08738425925925926,0.08882662,1.5,0.08333333333333333,0.09,0.00818,0.07038468160846328,1.2415238268088136
0.09259259259259259,0.09271757333333333,1.5,0.08333333333333333,0.07,0.00818,0.07641961302787284,1.2116338846000294
0.09027777777777778,0.09271757333333333,1.5,0.08333333333333333,0.07,0.00818,0.07641961302787284,1.1813430374850287
0.08015046296296297,0.07715103333333333,1.5,0.08333333333333333,0.15,0.00818,0.053921736527971185,1.4864221392681962
0.0859375,0.08493294,1.5,0.08333333333333333,0.11,0.00818,0.06462236421113897,1.329841472825393
0.08449074074074074,0.08882662,1.5,0.08333333333333333,0.09,0.00818,0.07038468160846328,1.2004137663184555
0.08506944444444445,0.07131051333333333,1.5,0.08333333333333333,0.18,0.00818,0.04660357086486197,1.8253846833137173
0.08506944444444445,0.06352860666666667,1.5,0.08333333333333333,0.22,0.00818,0.03777760002884945,2.2518488305101396
0.07291666666666667,0.05963492666666667,1.5,0.08333333333333333,0.24,0.00818,0.0337521847499942,2.1603539802465437
0.0876736111111111,0.10633999999999999,1.5,0.08333333333333333,0.0,0.00818,0.09970211952215585,0.8793555395944038
0.08564814814814815,0.10633999999999999,1.5,0.08333333333333333,0.0,0.00818,0.09970211952215585,0.8590403951153254
0.08246527777777778,0.08298882666666667,1.5,0.08333333333333333,0.12,0.00818,0.06184596353114463,1.3333978980899794
0.08362268518518519,0.08687978,1.5,0.08333333333333333,0.1,0.00818,0.06746921310106384,1.2394198974860526
0.08854166666666667,0.07909514666666666,1.5,0.08333333333333333,0.14,0.00818,0.0564939634905069,1.5672765937469582
0.08564814814814815,0.09077073333333333,1.5,0.08333333333333333,0.08,0.00818,0.07336674948247818,1.1673973394255812
0.0787037037037037,0.08687978,1.5,0.08333333333333333,0.1,0.00818,0.06746921310106384,1.1665128446927555
0.07957175925925926,0.08298882666666667,1.5,0.08333333333333333,0.12,0.00818,0.06184596353114463,1.2866120069289275
0.07581018518518519,0.07520419333333334,1.5,0.08333333333333333,0.16,0.00818,0.05141521415575809,1.47446989047881
0.0720486111111111,0.06741955999999999,1.5,0.08333333333333333,0.2,0.00818,0.042059508154382245,1.7130160164177823
0.07002314814814815,0.06741955999999999,1.5,0.08333333333333333,0.2,0.00818,0.042059508154382245,1.6648589396510176
0.06597222222222222,0.05963492666666667,1.5,0.08333333333333333,0.24,0.00818,0.0337521847499942,1.9546059821278252
0.08217592592592593,0.07520419333333334,1.5,0.08333333333333333,0.16,0.00818,0.05141521415575809,1.5982803392976415
0.07291666666666667,0.07131051333333333,1.5,0.08333333333333333,0.18,0.00818,0.04660357086486197,1.5646154428403292
0.057971014492753624,0.06512869565217391,1.3333333333333333,0.07,0.0,0.00513,0.06264841483671336,0.9253388875656168
0.05058823529411765,0.05874352941176471,1.3333333333333333,0.07,0.0,0.00513,0.056727161998080124,0.8917815295577409
0.049934640522875814,0.05874352941176471,1.3333333333333333,0.07,0.0,0.00513,0.056727161998080124,0.8802598043696563
0.044245283018867924,0.047217294339622636,1.3333333333333333,0.07,0.09,0.00513,0.03821053194852526,1.1579342333802705
0.04660377358490566,0.0468339962264151,1.3333333333333333,0.07,0.09369999999999999,0.00513,0.03760708604432033,1.2392285201247084
0.03409836065573771,0.0318749606557377,1.3333333333333333,0.07,0.1918,0.00513,0.02057034619640834,1.6576464163588753
0.03275956284153005,0.031065934426229503,1.3333333333333333,0.07,0.20079999999999998,0.00513,0.019615641802734337,1.6700734633604244
0.0332463768115942,0.028761902608695652,1.3333333333333333,0.07,0.24480000000000002,0.00513,0.01624938410034104,2.0460084275376587
0.03527536231884058,0.03518823130434783,1.3333333333333333,0.07,0.17739999999999997,0.00513,0.023483063955520182,1.5021618297193442
0.031049382716049383,0.020900000000000002,1.3333333333333333,0.07,0.0,0.00513,0.020648091833832868,1.5037410219753824
0.029506172839506174,0.020900000000000002,1.3333333333333333,0.07,0.0,0.00513,0.020648091833832868,1.429002402592908
0.022796610169491527,0.014662235593220338,1.3333333333333333,0.07,0.1276,0.00513,0.01108863101499178,2.055854337534598
0.022824858757062146,0.015383044067796609,1.3333333333333333,0.07,0.107,0.00513,0.01218166145502239,1.8737065417009813
0.026483180428134558,0.01426610642201835,1.3333333333333333,0.07,0.17,0.00513,0.009773505341063922,2.7096910989411356
0.022446483180428134,0.013985603669724771,1.3333333333333333,0.07,0.17739999999999997,0.00513,0.009413279444797756,2.384555065220461
0.024336569579288026,0.011748198058252427,1.3333333333333333,0.07,0.2535,0.00513,0.00652322069940225,3.7307598042050127
0.025177993527508092,0.012421572815533981,1.3333333333333333,0.07,0.2944,0.00513,0.006163365113193958,4.085104981629173
0.08816115702479338,0.10139819834710745,2.0833333333333335,0.05,0.0698,0.00818,0.08322075591960425,1.059365011175359
0.09615942028985507,0.11110178743961352,2.0833333333333335,0.05,0.0698,0.00818,0.09070986096660973,1.0600768126549254
0.09380323054331866,0.10839040528634361,2.0833333333333335,0.05,0.0698,0.00818,0.08862560318369209,1.0584213497412822
0.10614427860696517,0.10634813930348258,2.0833333333333335,0.05,0.0698,0.00818,0.08705142264851755,1.2193284770949433
0.08984528832630098,0.09997547679324896,2.0833333333333335,0.05,0.0698,0.00818,0.08211574413498106,1.094129868428327
0.10829949238578679,0.12489655837563453,2.0833333333333335,0.05,0.0698,0.00818,0.10121368385249777,1.0700084046304985
0.0811078140454995,0.08889970326409495,1.3333333333333333,0.07,0.0,0.01026,0.08427046244193753,0.96247026176441
0.08192383778437191,0.08889970326409495,1.3333333333333333,0.07,0.0,0.01026,0.08427046244193753,0.9721536515931375
0.0751730959446093,0.07458289317507417,1.3333333333333333,0.07,0.08800000000000001,0.01026,0.059784439926186775,1.2574023615078143
0.07549455984174085,0.07458289317507417,1.3333333333333333,0.07,0.08800000000000001,0.01026,0.059784439926186775,1.2627794110800514
0.07665677546983185,0.06840101483679524,1.3333333333333333,0.07,0.126,0.01026,0.05065610185233337,1.5132782165768013
0.07376360039564787,0.06173049258160237,1.3333333333333333,0.07,0.16699999999999998,0.01026,0.04176489247713751,1.766162822902675
0.07153808110781404,0.057582347181008894,1.3333333333333333,0.07,0.1925,0.01026,0.03672652238789162,1.9478588348838455
0.055637982195845696,0.040338240356083084,1.3333333333333333,0.07,0.2985,0.01026,0.01962354024652194,2.8352673114478883
0.07253886010362694,0.09767875647668392,1.0,0.1,0.0,0.01571,0.09205511303765991,0.7879938192455552
0.07176165803108808,0.09767875647668392,1.0,0.1,0.0,0.01571,0.09205511303765991,0.7795510283250672
0.05181347150259067,0.052453492227979265,1.0,0.1,0.253,0.01571,0.028761912714181773,1.8014612594607713
0.057253886010362694,0.05263256994818652,1.0,0.1,0.252,0.01571,0.02893433458367055,1.978752469485669
0.05233160621761658,0.05174125129533678,1.0,0.1,0.257,0.01571,0.02808019478141798,1.8636482625913595
0.04922279792746114,0.05191625906735751,1.0,0.1,0.256,0.01571,0.028248127485612128,1.7425154269971428
0.04507772020725389,0.052095336787564755,1.0,0.1,0.255,0.01571,0.028418809802209316,1.5861931066426818
0.04378238341968912,0.0501295518134715,1.0,0.1,0.266,0.01571,0.026575141772788375,1.6474938795818619
0.03341968911917098,0.04888007772020725,1.0,0.1,0.273,0.01571,0.02543868906438119,1.3137347225162106
0.04196891191709844,0.055986207253886006,1.0,0.1,0.287,0.01571,0.02798157661132804,1.4998765973789976
0.04041450777202073,0.05405705181347149,1.0,0.1,0.31,0.01571,0.02534369696813597,1.5946571576685489
0.03290155440414508,0.05523326683937824,1.0,0.1,0.29600000000000004,0.01571,0.026930254469792157,1.2217320278592603
0.1016566265060241,0.11514397590361444,1.3333333333333333,0.06,0.0,0.00754,0.10734272768584366,0.9470285383797877
0.0891566265060241,0.10667283132530118,1.3333333333333333,0.06,0.04019999999999999,0.00754,0.0925862393715868,0.9629576393982452
0.07486486486486488,0.0930334108108108,1.3333333333333333,0.06,0.054400000000000004,0.00754,0.07911432343634685,0.9462871148117576
0.0704954954954955,0.08717258918918919,1.3333333333333333,0.06,0.08539999999999999,0.00754,0.06978992726661205,1.0101098862904387
0.06239424703891709,0.09187509137055837,1.3333333333333333,0.06,0.028999999999999998,0.00754,0.0822078593239395,0.7589815323259179
0.0554421768707483,0.08913164795918366,1.3333333333333333,0.06,0.047,0.00754,0.07709377518206982,0.7191524444069881
0.05901360544217687,0.08199365306122448,1.3333333333333333,0.06,0.087,0.00754,0.06559802632412308,0.89962471051473
0.07936274509803923,0.10815464705882352,1.3333333333333333,0.06,0.0208,0.00754,0.09737409164636565,0.8150293754345007
0.06885389326334208,0.09317540157480314,1.3333333333333333,0.06,0.039,0.00754,0.08169202621735887,0.8428471718909478
