Width (mm),Depth (mm),Test Length (mm),Bottom Cover to Ctr of Tension Bar (mm),# Tensile Bars,"Diameter Tensile Bars, db,t (mm)","Tension Reinforcement Ratio, pten (%)","fy Longitudinal Bars (Tensile), (MPa) ",f'c (MPa),W/C Ratio,"Stirrup Spacing, s (mm) ","Stirrup Diameter, ds (mm)","fy,s Stirrup Bars","Mass Loss (Tensile bars), ηm (%)","Shear Span, x (mm)",Longitudinal Bar Type,Test Type and Configuration,Corrosion Method,eta_log,corr_severity_idx,d_b_ratio,eta_d_interaction,reinf_index
-2.4988986762262146,-5.768168103391857,-0.9171915379936477,0.0,-0.23656098412379137,-2.793210630925993,-0.8889607030596941,0.0,-0.14298907705025335,0.0,-0.10375133284567184,-2.0656731620475797,0.0,0.0,0.0,0.0,0.0,0.0,0.0,0.0,0.0,0.0,-0.758656484057582
-2.9220354374127457,-6.3050987425343,-1.2536538370341765,0.0,-0.9175492579923152,-2.633908043303243,-0.9733150226349127,0.0,0.0,0.0,-1.4444272344701155,-2.338734769290382,0.0,-0.4913426085558861,0.0,0.0,0.0,0.0,0.0,0.0,0.0,0.0,-0.8736904893742748
3.8440639552817566,24.95955382048257,0.0,0.0,4.909579294317095,-3.237435670976231,0.0,1.990134331727444,0.0,1.2627426601951248,2.055570916009129,-2.8546547606937875,0.0,0.7590932006290132,0.0,0.0,0.0,0.0,0.0,0.41978845087547256,0.0,0.0,0.0
-2.4086673892186985,-5.161000929392552,-0.967880181739823,0.0,0.0,-2.4798241414008464,0.0,-0.7176058189078084,0.0,0.0,-1.0710268641330356,-2.278629600800733,0.0,1.035696656587366,0.0,0.0,0.0,0.0,0.0,0.8235042867995155,0.0,0.0,-0.5083655502812428
-2.621687617183873,-5.69909598418393,-1.050193711150063,0.0,-0.517488434306235,-2.8058458275193257,0.0,0.0,0.0,0.0,-1.4244281980011488,-2.574819295340533,0.0,0.0,0.0,0.0,0.0,0.0,-0.5405697302332122,0.0,0.0,-0.6391491825451499,-0.7922484056991425
-2.8729378749709986,-6.594704673827601,-0.8560005510675351,0.0,-0.5302196629543146,-2.6234320822416874,0.0,-0.6253457757590023,0.0,0.0,0.0,-1.5544375827667083,0.0,-0.6217057265658799,0.0,0.0,0.0,0.0,0.0,0.0,0.0,-0.4098351862010645,-0.49458294707347844
0.0,-4.406772886634902,3.0447217845717103,0.5780555671077576,0.0,-2.6621104540118563,0.0,0.0,0.5085988364200954,0.0,1.920809846948407,-2.6344179030198807,0.0,0.0,1.8640237334274707,0.0,2.221859897584659,0.0,0.0,0.5715446116599162,0.0,0.0,0.0
-2.3954488146928496,-5.56034691413909,-0.9398207819249966,0.0,-0.3765064963834403,-2.939964184091274,0.9502289888946585,0.9498846478084211,0.0,-0.2721773328620748,-1.2419044047971326,-2.5580101470328827,0.0,0.0,0.0,0.0,0.0,0.0,0.0,0.0,0.0,0.0,0.0
0.6124934785390588,3.6638619712739695,0.0,0.0,-0.3494323372414873,-2.7924621329630153,-0.7215656530808254,0.0,-1.1447979467713494,-0.6154926920214981,0.0,3.5820356733100427,0.0,0.0,0.0,0.0,-0.20757365739142086,0.0,0.0,0.0,0.0,0.0,-0.9292519198781334
-2.4816397853354073,-5.186113726895886,-0.9448019204895027,0.0,0.0,-2.466186541964043,1.0181813442384509,-0.6722686740795241,0.0,0.0,-1.106059823268842,-2.330748169007871,0.0,0.9587752739163466,0.0,0.0,0.0,0.0,0.0,0.0,0.0,0.0,-0.4848291366975803
0.0,-4.675133635640028,-0.8845366828255568,0.0,0.0,4.6496284944010995,0.5778114961451588,0.9293133632008099,0.0,6.998527050887171,0.0,3.8532879328847764,0.0,-1.1357937421206434,0.0,0.0,0.0,0.0,0.0,-1.169575197014289,0.0,0.0,1.4504312674129853
-2.3266523555710235,-5.2221718611227255,-1.0749687384067397,0.0,0.0,-2.536622978103739,0.9267624352659273,-0.7780313712659259,0.0,0.0,-1.2584502416852903,-2.2575120394061297,0.0,0.0,0.0,0.0,0.0,0.0,0.0,0.7679050262316505,0.0,0.0,-0.5463099992024456
0.0,-6.4964257096486655,-0.9537982783269137,-0.9547616771027914,-0.42892721656222993,-2.964469684667734,0.7295560729122084,1.1224265952770702,0.0,0.0,0.0,-1.7805638361626461,0.0,0.0,0.0,0.0,1.282986699969822,0.0,0.0,0.0,-0.6801083984373387,0.0,0.0
10.98615790697182,33.12962771626003,6.3310170850771,0.0,6.029849185078543,-4.100086796762083,0.0,1.5343259716499826,0.0,0.0,2.8309038752282585,6.524725459119141,0.0,0.0,0.0,0.0,0.5611011090213457,0.0,0.0,0.0,0.6053630427753518,0.0,0.0
-2.4887977512215067,-5.78859237845068,-0.9029652440251987,0.0,0.0,-2.512798480863787,-1.1390849213939611,-0.8386295567910343,0.0,0.0,0.0,-1.6727680022194804,0.0,-1.1181030559034058,0.0,0.0,0.0,0.0,-0.9482344345887943,-0.570334305147771,0.0,0.0,0.0
-2.6109907595480433,-4.4557505911728175,-1.1659335949645286,0.0,0.0,-2.9697118620782974,1.0573373593804898,-0.4326758091766657,0.0,0.0,1.7946130881351132,-2.2626025286925366,0.0,0.0,0.0,0.0,0.0,0.0,0.0,0.6900361577805096,0.0,0.0,-0.5707877983061168
-2.6312855472903287,-5.676161250795479,-1.0020864644412324,0.0,0.0,-2.943100127489566,0.8594927375573714,0.9151700906365808,0.0,-0.37542105626913447,-1.2144891610771391,-2.7299118318805577,0.0,0.8716195870849235,0.0,0.0,0.0,0.0,0.0,0.0,0.0,0.0,0.0
-2.638223949732868,-5.837500364913437,-0.9598154124287012,0.0,0.0,-2.604049371188135,-1.1924843531404037,0.0,0.0,0.0,0.0,-1.8234399287516718,0.0,-0.9562977383110423,0.0,0.0,0.0,0.0,-0.805347269122511,-0.5228383599043411,0.0,0.0,-0.8882909504299955
-2.7588576201208777,-3.9686052037921242,0.0,0.0,0.0,-0.8721330240156188,0.0,-2.3803479941694947,-2.1290636422138958,-0.8936464331845742,0.0,2.666272411290093,0.0,-1.179254928471634,0.0,0.0,0.0,0.0,-0.5963307110440139,-1.1405817047011018,0.0,0.0,0.0
-2.9020824251232455,-6.359279367625175,-1.2067492808772429,0.0,-0.8587472678648691,-2.59893946714723,-1.0013042420725584,0.0,0.0,0.0,-1.4840626039131974,-2.079319661746937,0.0,-0.6355966738080454,0.0,0.0,0.0,0.0,0.0,0.0,0.0,0.0,-0.8613155860715612
-2.2801062328720763,-5.547041801680976,-0.9427168611603776,0.0,-0.31262207016327714,-2.935562149261497,1.1142962474859328,0.0,0.0,0.0,-1.0974730182536314,-2.2530278947136155,0.0,1.0155352631268002,0.0,0.0,0.0,0.0,0.0,0.0,0.0,0.0,-0.4623584484195364
-2.4425671949397234,-5.587760293971208,-0.9870536632653082,0.0,-0.38958788270254513,-2.889141795443597,0.0,0.0,-0.18459346649490982,-0.25158972837034355,-1.2270132730827683,-2.460318514864928,0.0,0.0,0.0,0.0,0.0,0.0,0.0,0.0,0.0,0.0,-0.5669664716169558
0.0,-4.35949282021408,2.7147819849849086,0.5940986197274918,0.0,-2.6364824185701363,0.0,0.0,0.4735849166683712,0.0,1.9415084251111376,-2.6078526805635693,0.0,0.0,1.8309162425530507,0.0,2.2316958881279128,0.0,0.0,0.4423012471611516,0.0,0.0,0.0
4.275331452800851,16.27811632435724,3.511430038815599,0.0,2.59690202360345,9.702673959122073,0.0,-2.0838877128702684,0.0,0.0,0.0,3.701554882315215,0.0,-1.5081125050166007,0.0,0.4284194400032817,0.0,0.0,0.0,0.0,0.0,0.0,-1.2259284055470816
5.50657706049247,14.948568349174545,0.0,0.0,0.0,-2.270773465771962,0.8233274707331021,0.0,0.0,0.0,1.8439919148549342,3.091486221181794,0.0,-1.9091141163426912,0.0,0.0,0.0,0.0,-1.1733272939412813,-3.485726917125235,0.0,0.0,-0.8389288213360864
0.6314550893171903,3.662202263048346,0.0,0.0,-0.35856323257710254,-2.726670436119672,-0.7387847953423325,0.0,-1.1131692615106188,-0.6184542034934775,0.0,3.5271185141439987,0.0,0.0,0.0,0.0,-0.21872085565406763,0.0,0.0,0.0,0.0,0.0,-0.9485982980369229
0.0,-6.093469956495528,-0.6847318416483751,-0.8113583197568578,0.0,-2.0166711169852882,0.0,-0.5653073395900449,0.0,0.0,0.0,-1.3546601187479341,0.0,-0.9089398470831601,0.0,0.0,0.0,0.0,-0.4795463125173409,-2.1908985931427916,-0.5928464566637541,0.0,0.0
-2.466436272661241,-5.633530260044563,-1.0572465898955303,0.0,-0.4049558115846883,-2.935864560258572,0.9567654469721241,0.0,0.0,-0.32870484589073845,-1.256594544841309,-2.4907872271087217,0.0,0.0,0.0,0.0,0.0,0.0,0.0,0.0,0.0,0.0,-0.15540613628126515
4.297093189063065,17.702007248760005,5.062848403075151,0.0,4.100312421292738,12.373566108867879,0.0,0.0,0.0,0.0,0.888054299213013,4.152912797921178,0.0,0.7621879750238847,0.0,0.0,0.0,0.0,0.0,0.7495281705267369,0.0,0.0,5.3492075099464955
0.0,-4.174108289486894,-0.25668919142326907,0.0,-0.606687987116696,-1.2061345804816683,-1.32627339880485,1.2163603375666643,0.0,0.0,-1.1888636101625816,-2.21230600649488,0.0,-0.2716882090947511,0.0,0.0,0.0,0.0,0.0,0.0,0.0,0.0,-0.5090851523718595
0.0,-6.215390003584066,-0.7305233351501487,0.0,0.0,-2.1234161680214414,-0.6651414984537563,0.0,0.0,0.0,0.0,-1.3984489622469447,0.0,-0.6247728053019421,0.0,0.0,0.0,0.0,-0.5818702780469082,-0.7798222319342365,-0.7116714604480878,0.0,-0.5593037438278046
0.0,-6.552397905686215,-0.9612970620668083,0.0,0.0,-2.901443295874055,-0.6155792657866594,1.2795741371533416,0.0,0.0,0.0,-2.088839781940274,0.0,0.7869641478688703,0.0,0.0,1.8315221708462894,0.0,0.0,0.8082080042582208,-0.8374655486495659,0.0,0.0
-2.5971107947379912,-6.022564608369833,-1.0210047444569683,0.0,-0.30294938576629293,-3.0566900946156665,-1.0092600903907272,0.0,0.0,0.0,0.0,-2.397684139300123,0.0,0.9279150894558337,0.0,0.0,0.0,0.0,0.0,0.7597165699233877,0.0,0.0,-0.7735737346910057
4.119822249887527,-5.236039995155768,0.0,0.0,4.316855854366015,3.8720763676620926,0.9155114555256056,0.0,0.0,0.0,-2.0313399051215213,-2.007110915263843,0.0,0.0,0.0,0.0,0.0,0.0,0.0,0.7745552756677039,0.0,0.5645306081705828,2.1453851079496533
0.0,-6.8606848356750785,-1.2261750143110028,0.0,-0.3177265407037702,-2.9822367631939484,0.0,0.0,-1.7114113109809541,-0.289982862860875,0.0,-1.7707622020691518,0.0,0.0,0.0,0.0,0.0,0.0,0.0,0.0,-1.1364302751336874,-0.0997599099790012,1.7352191074229317
0.0,-6.1618989000484,-0.6909452468025074,0.0,0.0,-2.1541867169275513,-0.5910508851109639,-0.6283197642860125,0.0,0.0,0.0,-1.4791490630479536,0.0,-0.5645746544586219,0.0,0.0,0.0,0.0,-0.5113913004125661,-0.4755042584965814,-0.5815683165056511,0.0,0.0
-2.3767226354909097,-5.6889401842884855,-1.2001359221904446,-1.0132437771488008,-0.2981121226108771,-2.857264812918906,0.0,0.0,0.0,0.0,-1.3665466907976929,-2.1304920667846567,0.0,0.9821741231443042,0.0,0.0,0.0,0.0,0.0,0.0,0.0,0.0,2.5372898724167503
-2.5903770425484223,-5.893394688399533,-0.6541075886472996,0.0,-0.7942976369838395,-2.595305563865263,-1.2054128041891587,0.0,0.0,0.0,-1.4816946560097175,-2.41966117769547,0.0,-1.001676576540499,0.0,0.0,0.0,0.0,0.0,0.0,0.0,0.0,-0.8103868136987165
12.972746475497496,42.16936015668638,7.873647254269725,0.0,0.0,19.450162830956817,0.0,0.0,0.0,0.0,4.314848476110023,7.013549032206844,0.0,1.8542545642239443,1.4691733767929236,0.0,0.0,2.75566659748443,0.0,0.0,3.086300966423225,0.0,0.0
-2.40768990660221,-5.779602503974897,-0.9599186708799026,-1.0083538725144727,-0.27268379091328043,-2.7960646657545714,-0.9034169456816389,0.0,0.0,0.0,-1.1038036862082032,-2.051716711351902,0.0,0.0,0.0,0.0,0.0,0.0,0.0,0.0,0.0,0.0,-0.6104012180375523
-2.4538213369087205,-6.403120020450946,-0.8833471390724229,0.0,-0.19192672943654898,-2.5111989781891295,0.0,-0.8593648886779036,0.0,0.0,-1.1539584361531119,-2.22210463283557,0.0,0.0,0.0,0.0,0.0,0.0,0.0,0.0,-0.6469310032572794,0.0,-0.3656571234565171
0.0,-6.312595067889981,-0.5706627591071846,-0.4755224105817329,-0.2065146463627503,-2.328621246809837,-0.5121271147565144,0.0,0.0,0.0,0.0,-1.4028646933212774,0.0,0.0,0.0,0.0,0.0,0.0,0.0,0.0,-0.6837529134075375,-0.25149929733597653,-0.3877906155235695
3.993373587066594,16.30963102724792,3.478498243578949,0.5219106339453683,3.801326844019888,6.5726255629266115,0.0,0.0,0.0,0.0,0.0,3.803707699981114,0.0,0.5469351581659343,0.0,0.29205799425411527,0.0,0.0,0.0,0.0,0.4217808558327161,0.0,0.0
0.0,-6.485298601672674,-0.8702883627775191,-0.7191796652279635,-0.41929634485040024,-2.62725497774154,-0.6111883192668668,0.0,0.0,0.0,0.0,-1.6917669655814354,0.0,0.0,0.0,0.0,1.7723675550169826,0.0,0.0,0.0,-0.8207002222007914,0.0,-0.5257128605198546
-2.693084749400255,-6.050824710087045,-1.2393451502097117,0.0,-0.5728599548142869,-2.912399048942482,-1.1140219852527882,0.0,0.0,0.0,-1.4770530789218885,-2.642087247755288,0.0,0.0,0.0,0.0,0.0,0.0,0.0,0.0,0.0,-0.6345595716850347,-0.7869181665239685
-1.740298126098919,-4.275112627750565,-0.21794817199042887,0.0,-0.27164799007610124,-2.7330467335569844,-0.8457821510731794,0.0,-0.08603649185123885,0.0,0.0,-0.5495266038299114,0.0,0.0,0.0,0.0,0.0,0.0,0.0,0.0,-0.10709357927682264,0.0,-0.7344477660041602
3.8949366156193683,16.54844599658352,3.9200799445285335,0.0,2.3487251989295483,9.483224753064677,0.0,0.0,0.1918590875414067,0.0,0.21111328472236457,3.6484264244216895,0.0,0.0,0.0,0.10834010893655943,0.0,0.0,0.0,0.0,0.0,0.0,3.50005778270082
-2.4395914359700583,-5.629884809443135,-1.063772262878995,0.0,-0.4484198820199943,-2.8767005395643443,0.0,0.0,-0.2040042600031846,-0.2535676895810176,-1.179782937443654,-2.3622325923861522,0.0,0.0,0.0,0.0,0.0,0.0,0.0,0.0,0.0,0.0,-0.5286358754617523
-2.367013466897389,-5.671942245380153,-0.8186118428405676,0.0,-0.3072788962750883,-2.918550146549126,-1.0269473472246209,0.0,0.0,-0.24820939586797763,-1.0906214408424972,-2.510594137830666,0.0,0.0,0.0,0.0,0.0,0.0,0.0,0.0,0.0,0.0,-0.5739500694689217
-2.950718280987696,-6.202684780985539,-1.120039511330724,0.0,-0.7761812613459131,-2.550966507686982,-0.9557163785388496,0.0,0.0,0.0,-1.4508897973716037,-2.069434392525453,0.0,-1.0019632092608972,0.0,0.0,0.0,0.0,0.0,0.0,0.0,0.0,-0.7810931680921804
4.407491835033633,-4.960199177386214,1.0528592433723354,0.0,4.771003978232474,4.038873997259667,0.9976218002552306,0.0,0.0,0.0,-1.7532967036667841,-2.0404278813788523,0.0,1.0307940214470082,0.0,0.0,0.0,0.0,0.0,0.0,0.0,0.0,2.7224328411993577
-2.445119622963511,-5.5876838794692985,-0.9500550541653902,0.0,-0.34481870961737987,-2.913172428812473,0.9946433848571824,0.0,0.0,-0.23465811692002486,-1.1849661397571813,-2.415727796822792,0.0,0.0,0.0,0.0,0.0,0.0,0.0,0.0,0.0,0.0,-0.10604255315388222
-2.591247285658864,-5.755751900673458,-1.0363271890407648,0.0,-0.48600840944389534,-3.050147463790813,0.8877118323253038,0.8734976748279301,0.0,0.0,-1.3389885334920502,-2.7481989870773393,0.0,0.8613948228032839,0.0,0.0,0.0,0.0,0.0,0.0,0.0,0.0,0.0
0.0,-4.039196556535831,1.2831713526803832,0.0,0.0,19.514620448846856,3.818367261185745,0.6433862892880666,0.0,0.0,2.548952664355591,3.991357801638803,0.0,0.6970638413446274,0.0,0.0,0.0,0.0,0.0,0.3270999749203085,0.0,0.0,5.853336255675962
0.5381691187642144,-4.514125209622106,-1.401038034744089,-1.0935035662841888,0.0,5.176135496166496,0.8276389437153182,0.9503519793290309,0.0,6.084980471129227,0.0,4.4883563108244395,0.0,0.0,0.0,0.0,0.0,0.0,0.0,0.0,0.0,0.0,2.4955596092123753
0.0,-5.937356928573317,-0.5264735984994853,-0.7125666110660188,0.0,-2.2908473934567235,0.0,0.0,-0.12422518815160366,0.0,0.0,-1.2139883887966503,0.0,-0.4635918893696049,0.0,0.0,0.0,0.0,-0.3835550277145576,-0.5665063425176806,-0.5813522471617201,0.0,0.0
0.0,-4.7808689115364125,-0.9205961343436547,-1.6619770661260853,0.0,4.425774338760505,0.0,0.0,-1.7170861421989847,0.0,0.0,3.2308396116021525,0.0,-1.2036150344502454,0.0,0.0,0.0,0.0,-0.914800392672897,-1.0985904573816994,0.0,0.0,1.273193232626186
4.071836768191977,16.912750486879244,4.538185777802258,0.0,3.0356786113438416,11.025719072254905,0.0,0.0,0.0,0.0,0.42226558529129404,3.8390125059989066,0.0,0.0,0.0,0.26060833868556443,0.0,0.0,0.0,0.0,0.33497307170906127,0.0,7.043209987889104
0.0,-6.877357379408659,-1.2772206106220447,0.0,-0.38594827604646553,-3.040344483531605,0.0,0.0,-1.9987083003848345,-0.33490280025304214,0.0,-1.9233503311891378,0.0,0.9395420539846757,0.0,0.0,0.0,0.0,0.0,0.0,-1.1636756827691583,0.0,2.6520128481422955
5.523382768453289,14.874258604427736,0.0,0.0,0.0,-2.5252188424288664,0.8940009733324362,0.6810230157109279,0.0,0.0,1.8641232998585757,3.186591867400854,0.0,-1.7856295714024308,0.0,0.0,0.0,0.0,-0.8053793221129553,-2.5976161968234295,0.0,0.0,0.0
3.237485937680204,6.3483598633983975,0.0,-1.7826614320507228,0.0,3.32178061173085,0.0,-1.5562978142696111,0.0,0.0,-2.0987180521132647,2.5926635203114197,0.0,-2.112050781527705,0.0,0.0,0.0,0.0,-1.828469035317878,-4.427834847312151,0.0,0.0,0.0
0.5706178702805766,-4.550166109504587,-1.3997356153055605,-1.1402935269780539,0.0,5.153892653107136,0.7844521599313256,0.8828655643668979,0.0,6.045846923721444,0.0,4.453595308310105,0.0,0.0,0.0,0.0,0.0,0.0,0.0,0.0,0.0,0.0,2.4163844600728552
0.0,-6.462978437567218,-1.002969703428896,0.0,-0.40194660669904037,-2.7451335890093915,-0.5805037653445582,0.0,-0.1244190504925129,0.0,0.0,-1.6963231860178452,0.0,0.0,0.0,0.0,1.9058673704849385,0.0,0.0,0.0,-0.7702557571539305,0.0,-0.5354336296689695
-2.8973338794065095,-6.151078716179422,-1.214922957888545,0.0,-0.8132719743049108,-2.4616323517996745,-1.057868169803231,0.0,0.0,0.0,-1.5694850281991892,-2.095735189848437,0.0,-1.032891186626137,0.0,0.0,0.0,0.0,-0.9049934048676074,0.0,0.0,0.0,0.0
14.880017512154524,46.51529014625467,9.696190500370088,0.0,10.192939742182679,9.76766488574239,0.0,4.060732814252038,0.0,2.9341138463374534,6.070788631652796,8.0603043765446,0.0,0.0,0.0,0.0,0.0,0.0,0.0,3.205562715539692,0.0,0.0,0.0
-2.333724667493101,-5.655872982256872,-1.165418521519471,-1.0240779364329207,-0.29628814466864484,-2.867472151957754,0.0,0.0,-0.21310286181098448,0.0,-1.1888141114837185,-1.9360063213646814,0.0,0.0,0.0,0.0,0.0,0.0,0.0,0.0,0.0,0.0,1.8840180199621246
-2.9410652812362597,-6.333710746531937,-1.235107333652428,0.0,-0.9035298645626832,-2.581482633420601,-1.034777075612015,0.0,0.0,0.0,-1.4291646798172388,-2.2228843592186713,0.0,-0.6591283124436096,0.0,0.0,0.0,0.0,0.0,0.0,0.0,0.0,-0.8676298875863466
0.666523844278934,3.9736340443080747,0.4230704426741312,0.0,0.0,10.960136191049992,0.0,0.0,0.9891070267575062,0.9344528809213121,2.379135626033212,4.161686616005191,0.0,0.0,0.0,0.0,0.5938567625740989,0.0,0.0,0.0,0.0,0.0,1.8210356290697258
-2.4053476097823334,-6.005941731321368,-0.9896059473328727,0.0,0.0,-2.4853256386875793,0.0,-2.3471228977603613,0.0,0.0,-1.3190497414785505,-2.0601079212844744,0.0,-0.991444278059696,0.0,0.0,0.0,0.0,-0.8986625519707196,0.0,-0.9764136545412702,0.0,0.0
3.9454721101406798,7.498903164549038,-0.9377265600820283,-1.191308354692364,0.0,4.123788646290703,0.0,0.0,0.0,0.0,-1.7980056556361022,3.140449464253325,0.0,-1.0095689713898193,0.0,0.0,0.0,0.0,-0.6946742017269436,-0.8542729988487711,0.0,0.0,0.0
-2.6376508621654327,-4.557950015206465,0.9120614803851403,0.0,0.0,-2.947198725634488,0.9845610411242393,0.0,0.0,0.0,0.0,-1.9087381534548016,0.0,0.9990966643953773,0.0,0.0,0.0,0.0,0.0,0.6973899107669146,1.4948510106498196,0.0,3.003606233408731
0.0,-6.328425497707017,-0.640647606422595,-0.5666572082280552,0.0,-2.302021895929229,-0.45337189729699845,0.0,0.0,0.0,0.0,-1.3584816880122568,0.0,-0.18850192692293355,0.0,0.0,0.0,0.0,0.0,0.0,-0.6801917994579577,-0.30901901467071374,-0.30463223044860815
-3.393066873206617,-4.543219214440899,-0.527735987012085,0.0,-0.2882536656287762,-1.2789906035678182,0.0,-0.7709752333881795,-2.461501929776753,-0.9433383989303337,0.0,3.4778739057725514,0.0,0.0,0.0,0.0,0.0,0.0,0.0,0.0,0.0,0.0,1.6167094236085868
4.589888978843938,-4.916630053323541,0.0,0.0,3.2768643250457807,4.162882993151089,0.9527535140204351,-0.9206311194735086,0.0,0.0,1.9601032272984433,-1.7094988233682529,0.0,0.0,0.0,0.0,0.0,0.0,-0.8844887867161114,0.0,-1.1126911616019046,0.0,0.0
-2.6094731497040726,-6.02714433120353,-1.1324857109735542,0.0,-0.445911795818971,-2.8639191891076745,-1.0591464018728582,0.0,0.0,0.0,-0.4341324545500491,-2.13236234394964,0.0,0.0,0.0,0.0,0.0,0.0,0.0,0.0,0.0,-0.47238805177535,-0.7269205876878028
-2.5209383508097822,-4.359934401365378,-1.0253775144935422,0.0,-0.25204680901965815,-2.884930306805915,1.0621668656512213,-0.3711774970870419,0.0,0.0,1.913695383751609,-2.1900337759306945,0.0,0.0,0.0,0.0,0.0,0.0,0.0,0.0,0.0,0.0,-0.43180473538971753
-2.6816929004795065,-4.032484391354596,-1.1225450886210528,0.0,0.0,-3.083300359498928,0.9917009151212224,0.9684240475161046,1.2315328674041999,-0.4981056650151583,0.0,3.660350971192724,0.0,0.0,0.0,0.0,0.0,0.0,0.0,0.0,0.767260437509554,0.0,0.0
-2.515129390984922,-4.401443220714657,-1.1705415268308839,0.0,0.0,-2.9003629899309464,1.041227387889692,-0.3960172198469527,0.0,0.0,1.935598644425021,-2.358453453830788,0.0,0.9108960309497629,0.0,0.0,0.0,0.0,0.0,0.0,0.0,0.0,-0.46875164830060256
5.379212465844536,18.215324420030978,5.424928960528502,0.0,5.6204332832927575,8.217729469549585,0.0,2.5195806365926874,0.0,0.0,0.0,5.513942066866156,0.0,2.546107831353858,0.0,0.0,0.0,0.0,0.0,2.0817792626581166,0.0,0.0,5.186632175435531
0.0,-6.500320378039548,-0.8543254916399621,0.0,-0.47922407489292196,-2.9841773506139813,0.6384861178921264,1.1603797428264828,0.0,0.0,0.0,-1.8416928328454765,0.0,0.0,0.0,0.0,1.231528754636645,0.0,0.0,0.0,-0.7297638514977187,-0.3164246973230913,0.0
1.7823155744888386,5.9483476072402555,1.8157846650183835,-0.7583074611480995,0.0,3.8383156096617164,-1.387843665994865,0.0,0.0,-1.2579184707579247,1.5424433323288071,3.4195545152632847,0.0,0.0,0.0,0.0,0.0,0.0,0.0,0.0,0.0,0.0,-1.7090574471362194
-2.441783770113766,-5.962482175826895,-1.0130960376643898,0.0,0.0,-2.4755865987047843,0.0,-2.322479041553941,0.0,0.0,-1.3540105228248915,-2.101486060755219,0.0,-1.0233423613277022,0.0,0.0,0.0,0.0,-0.8634407935903603,0.0,-0.9213146098572732,0.0,0.0
0.0,-3.7235642109538456,3.8673484403501828,0.0,10.441201865197268,-2.6155014913133705,0.0,2.5663127507009653,0.0,0.0,2.3249261258468525,-2.284578727654363,0.0,1.4409884303681757,0.0,0.0,0.0,0.0,0.0,1.394721510705165,0.0,0.0,6.3809898662091245
4.086130120244695,14.826872880911287,3.5332043999360687,0.0,3.261424849973356,6.384892390090131,0.0,-4.776194860090975,0.0,0.0,0.0,4.034321510084094,0.0,0.5662728168403497,0.0,-2.6760912558060497,0.0,0.0,0.0,1.5895096256667325,0.0,0.0,0.0
0.0,-3.6336211713856814,0.0,0.0,-0.6366126867904464,-1.154688460919728,-1.1121634794428894,-2.6323053831479575,0.0,0.0,-1.1359096122571375,-1.797473674149248,0.0,-1.1606636537775592,0.0,0.0,0.0,0.0,-0.7251273083635869,0.0,0.0,0.0,-0.6062714883355156
-2.539716280848653,-5.540314505072091,-0.8630192319942909,-1.1867893268790162,-0.40682818202483517,-2.6218365713231777,0.0,0.0,0.0,0.0,-1.3103193351744453,-1.8913793527396219,0.0,-0.8076086532694872,0.0,0.0,0.0,0.0,0.0,0.0,0.0,0.0,-0.6457239264443936
0.0,4.8925569138435865,1.4950261537613485,0.0,0.0,14.207239835493153,0.0,1.6405921054165504,1.4689231081131027,0.0,3.441236104801566,4.546716884549025,0.0,1.8708107453910279,0.0,0.0,0.0,0.0,0.0,1.5822574560770253,0.0,0.0,5.039383406199876
-2.6875773462171972,2.843402376602376,0.7585162195394605,0.0,0.0,0.0,1.060200106573108,0.5457017814290713,0.0,0.42602302113493135,1.6600839631645086,3.8495566632466818,0.0,0.0,0.0,0.0,0.3848505602142289,0.0,0.0,0.0,0.9385540359527703,0.0,0.0
5.494790767117658,18.320527280344397,5.72669889732847,0.0,5.351387895179032,13.12510748246257,0.0,2.774673698651019,0.0,0.0,0.0,5.417781716777729,0.0,2.6467341781722116,0.0,0.0,0.0,0.0,0.0,2.1309749193837035,0.0,0.0,8.359059832513159
3.8450643170164702,1.7986916603591037,0.0,-1.2905924063168002,0.0,4.0507223202987594,0.0,0.0,0.0,0.0,-2.6327708826192096,2.6501030417696176,0.0,-1.3862826284460952,0.0,0.0,0.0,0.0,-1.2105810865022202,-3.033859353543307,-2.0308877370104867,0.0,0.0
0.0,-4.541614583393055,2.7453917337771134,0.0,0.0,5.169252415790652,1.0794574619788238,0.0,0.0,0.0,2.179727436631411,-1.8054420189356148,0.0,-0.5800882303272692,1.8498287904966697,0.0,0.0,0.0,-0.907472065908027,0.0,0.0,0.0,-0.9724175067000006
-2.7193158524847227,-5.7770680849982154,0.0,0.0,0.0,-2.424463591111822,-1.1135029150035163,0.0,-0.8061099405325542,0.0,-1.5661540519254988,-2.3899441186058104,0.0,-1.3203185831672308,0.0,0.0,0.0,0.0,-0.8576779667017429,0.0,0.0,0.0,-0.8987297101405507
0.0,-4.246446938560907,3.214008655661801,0.0,8.468087372617617,-2.5051156665006213,0.0,0.7303647067673527,-0.5782041272574414,0.0,1.9020657129271121,-2.1934689464217576,0.0,0.0,0.0,0.0,0.0,0.0,0.0,-0.7251685810262724,0.0,0.0,4.035371558488507
0.0,-4.982799547103715,3.7203358548636523,0.0,0.0,-1.6462316606694989,0.8133886248832896,0.0,0.0,0.0,1.641337263705082,-2.0796443078819644,0.0,0.7950421075393364,1.8893451563008608,0.0,0.0,0.0,0.0,0.725612695596042,0.0,0.0,2.45915132591108
0.0,-4.018065927488224,-0.37252732435551766,0.0,-0.763186958106063,-1.426939028521928,-1.3151692948585911,1.9883968084230443,0.0,0.0,-0.9550772386114822,-2.214278083284439,0.0,1.0500873205203352,0.0,0.0,0.0,0.0,0.0,0.0,0.0,0.0,-0.6407191133443509
-2.636709964591826,-5.933239080002141,-1.2116718826745656,0.0,0.0,-2.4535081663143647,-0.871310224657428,-1.5070168656499678,0.0,0.0,-1.4568441763718225,-1.9355290657521786,0.0,-1.1172074065745965,0.0,0.0,0.0,0.0,-1.0868197438075247,0.0,0.0,0.0,0.0
-2.459608558858317,-5.676884582741921,-1.1107535746179027,0.0,-0.42057416291450367,-2.8894394887278336,0.9361640691695357,0.0,0.0,-0.2880862898892048,-1.25673140141403,-2.475598317403093,0.0,0.0,0.0,0.0,-0.13124849419723397,0.0,0.0,0.0,0.0,0.0,0.0
0.0,-6.039476423424829,-0.6072044132021894,-0.6939964628403329,-0.26440976544250766,-2.402028051102257,0.0,0.0,0.0,0.0,0.0,-1.4375204312806487,0.0,-0.6507568560693917,0.0,0.0,1.4106235691477675,0.0,-0.2288192300415055,0.0,-0.570509719750978,0.0,0.0
-2.439135374506129,-5.7941288652762495,-1.0097423260141085,-1.1067139399375656,-0.34908813696252494,-2.844304659186915,-1.0080878143292584,0.0,0.0,0.0,-1.1428530250820466,-1.9397274035277834,0.0,0.0,0.0,0.0,0.0,0.0,0.0,0.0,0.0,0.0,-0.6230661285066792
-2.839566743035188,-6.760532526310864,-1.3952509403187436,0.0,-0.4216325228374529,-3.1114082509637577,0.0,0.0,-2.008080238631057,0.0,2.353865291401466,-2.4717066461413757,0.0,0.7649239766788405,0.0,0.0,0.0,0.0,0.0,0.0,0.0,0.0,2.976802831866981
-2.5241579883036964,-4.335390053143728,-1.1358584208475644,0.0,-0.22069717460965954,-2.774151526272362,1.1463749258407432,-0.27126222303612196,0.0,0.0,1.8561455424367064,-2.1863911775565974,0.0,0.0,0.0,0.0,0.0,0.0,0.0,0.0,0.0,0.0,-0.5876951241597579
5.7673057429494206,15.066297030570034,0.0,0.0,-0.4519182896282956,-2.3555135809046424,0.0,0.7941202327177606,0.0,0.0,1.9167485432578657,3.3531830274919665,0.0,-1.649282469942699,0.0,0.0,0.0,0.0,-0.5609284015687289,-1.9965952562229983,0.0,0.0,0.0
-2.389780721078519,-5.9332139862142075,-1.0172494991201748,0.0,0.0,-2.4136786234174776,0.0,-2.2988229779389706,0.0,0.0,-1.2378631253929824,-2.1406019419172444,0.0,-1.1701253350710596,0.0,0.0,0.0,0.0,-1.0471232015961545,0.0,-0.9444691441852733,0.0,0.0
0.0,-3.510453623020608,2.457359693744032,0.0,0.0,-0.5504049283397547,0.0,-1.9790668047642987,-1.2648568768384099,0.0,1.970595690648042,-1.064393346443192,0.0,-0.9722604979929237,0.0,0.0,0.0,0.0,-0.8798790718502977,0.0,0.0,0.0,-0.8298049757269469
-2.2668041586039736,-5.147611724936231,-0.9925588128919791,0.0,-0.15688966756985084,-2.478179118390275,0.9385937436738327,-0.6866579805071208,0.0,0.0,-1.1419257722454064,-2.0860782163043883,0.0,0.0,0.0,0.0,0.0,0.0,0.0,0.0,0.0,0.0,-0.4613215757836204
11.380432214674126,35.57406839768702,7.118393599234399,0.0,6.786010765124024,0.0,0.0,1.6310569066407417,0.0,0.0,2.7134059787162608,6.001882084697469,0.0,0.9068169655488508,0.0,0.0,0.514665923605591,0.0,0.0,0.0,0.6524826030496477,0.0,0.0
-2.448130671573941,-5.62954023796732,-1.0220556996022072,-1.0600096737703038,-0.3375143345030533,-2.8994938645199944,0.9395824640562935,0.0,0.0,0.0,-1.2130729015988355,-1.9950573126881779,0.0,0.0,0.0,0.0,0.0,0.0,0.0,0.0,0.0,0.0,-0.49765754075536345
0.0,-4.253426305686046,0.0,0.5785152157559719,3.339559832160731,5.244518386976361,1.2322466978562936,-2.5720420705518428,0.5162682093792528,0.0,2.0021177640329206,-2.2343579765502604,0.0,0.0,0.0,0.0,0.0,0.0,0.0,0.51544851013153,0.0,0.0,0.0
0.49520865080247684,3.4596716195737347,0.0,0.0,0.0,-2.9507425243647467,-1.0461607513764026,0.0,-1.1833857031719568,-0.837031058314126,0.0,3.8968084570676575,0.0,1.263009008327607,0.0,0.0,0.0,0.0,0.0,0.8125691401280871,0.0,0.3843696775172254,0.0
-2.6685956882129216,-5.84288948065503,-1.0092213811143478,-1.368263035625073,0.0,-2.777010174491207,-1.2299583029213643,0.0,0.0,0.0,-1.4777957735564835,-1.9232536979767647,0.0,-0.9781844386069348,0.0,0.0,0.0,0.0,0.0,0.0,0.0,0.0,-0.8492576582962528
-2.9660538691621685,-6.3348038831062405,-1.217744564135262,0.0,-0.8413870148914953,-2.6184203706996634,-0.993387974558174,0.0,0.0,0.0,-1.4577546282128535,-2.247858340199683,0.0,-0.6782673716251431,0.0,0.0,0.0,0.0,0.0,0.0,0.0,0.0,-0.8501679188705619
0.0,-6.342665815206843,-1.0469350146108245,0.0,-0.9355614458078391,-2.758318933068012,-1.07487966984438,0.0,-0.2457516944618945,0.0,-1.2088181504088975,-1.689711752902604,0.0,0.0,0.0,0.0,0.0,0.0,0.0,0.0,-0.6157326482912061,0.0,-0.5366729924493894
4.131616188444406,19.66854354324513,0.0,0.0,0.0,5.8508363958993,0.0,1.1516704742638981,0.0,0.5009267586654812,-2.4604245092828094,4.4967392451540045,0.0,1.3654343431610336,0.0,0.0,0.0,0.0,0.0,1.0897542239829487,0.0,0.2972916343820319,0.0
3.9745910637571256,19.935839865720304,0.0,0.0,3.55457841875833,-2.100654415492832,0.0,-3.02209940976384,0.0,0.0,0.0,-1.8615773572969117,0.0,-1.2428761458893636,0.0,0.0,0.0,0.0,-1.163986995101629,-2.0530201314277505,0.0,-1.9554059560916368,0.0
-2.824321384615507,-6.467972823792918,-0.8646746284262825,0.0,-0.5784513448203927,-2.4544654436357494,0.0,-1.0218654417281527,0.0,0.0,0.0,-1.6950988471968533,0.0,-0.5347832448833398,0.0,0.0,0.0,0.0,0.0,0.0,0.0,-0.35715404112181304,-0.46780579889197654
0.0,-6.491611495570637,-0.801699493801237,0.0,0.0,-2.6886331255594804,-0.4561811200290323,1.3204113455514612,0.0,0.0,0.0,-1.9238903184792733,0.0,0.9415813366054611,0.0,0.0,1.9480943709065837,0.0,0.0,0.0,-0.6713168527929435,0.0,-0.42750904670775586
0.0,-6.906575940222823,-1.2701798404229827,0.0,-0.34537211966286385,-3.049070780138539,0.0,0.0,-2.001670010424524,0.0,0.0,-2.067982024315325,0.0,0.940281031626825,0.0,0.0,0.0,0.0,0.0,0.8136050906818955,-1.158993071387052,0.0,2.73450124794731
1.711232412035339,5.932963770775487,1.6978361987475885,0.0,0.0,3.946975908367496,-1.3722919877173823,0.0,0.0,-1.2320330411396547,1.534186964880818,3.8110616457008843,0.0,0.0,0.0,0.0,0.0,0.0,0.0,0.6263044009216961,0.0,0.0,-1.7682643495805934
0.0,-4.453340520646062,0.0,0.0,-0.3667012850249022,-2.6938102630073755,-1.2360301243275416,0.0,0.0,-0.40955596309935416,1.6754073379995695,3.8354848858797745,-0.6890322404170529,-0.5251760094199386,0.0,0.0,0.0,0.0,0.0,0.0,0.0,0.0,-1.2389560978848015
-2.618720697816318,-5.735643058567889,-1.0254564431241513,0.0,0.0,-2.787441592867929,0.0,0.0,0.0,-0.4788890044843406,-1.4315728862746184,-2.554771365010194,0.0,0.0,0.0,0.0,0.0,0.0,-0.5507837331990691,0.0,0.0,-0.7107209924448351,-0.7715266123732604
-2.4227278584082463,-5.633125372524307,-1.089881042543705,0.0,-0.4422561873539212,-2.9169127131838115,0.8930216006535581,0.0,0.0,-0.31627242548818124,-1.2149835012962245,-2.4465130452928285,0.0,0.0,0.0,0.0,0.0,0.0,0.0,0.0,0.0,0.0,-0.18311025615683785
-2.463429092350703,-5.877913253524399,-1.0348119728474552,-1.1102812120799403,-0.42223377923908956,-2.876964708792535,-1.0014721842655778,0.0,0.0,0.0,-1.2241855782864606,-2.0714780020155796,0.0,0.0,0.0,0.0,0.0,0.0,0.0,0.0,0.0,0.0,-0.6937154266040797
0.0,-4.56543177707958,0.0,0.0,-0.39700371081358127,-2.9557085258133884,-1.2780039865077752,0.0,-0.43358316567051575,-0.6461029871879005,1.6629544796345588,3.702390650056109,0.0,0.0,0.0,0.0,-0.28005294369489686,0.0,0.0,0.0,0.0,0.0,-1.054875930490358
4.552934864836638,18.34855265243639,5.460329149763378,0.0,4.27195624034288,11.7354721439165,0.0,0.0,0.0,0.0,1.1308313640488314,4.454295929260858,0.0,1.0171141682587361,0.0,0.0,0.0,0.0,0.0,1.0556509394454543,0.0,0.0,6.275654924209266
4.389300128291049,16.294941704266726,4.333251663315501,-3.3251893267262553,2.1325388901194176,10.88107611248802,0.0,0.0,0.0,0.0,0.0,4.048079117527809,0.0,0.0,0.0,-3.6326383234694277,0.0,0.0,0.0,0.8372105747655496,0.0,0.0,3.754252263807104
3.6247834023652743,6.783831747163141,0.0,-1.7188952310570282,0.0,3.6048025510296386,0.0,0.0,-1.0624639131067752,0.0,-2.191099793848092,2.7480116217689154,0.0,-1.9236113470493834,0.0,0.0,0.0,0.0,-1.4242495801659367,-4.675774321315716,0.0,0.0,0.0
3.6650182218593086,14.188010714998114,3.1539107840137444,-1.4592996903880042,2.191797352579209,8.335526896331377,0.0,-5.572748619072477,0.0,0.0,0.0,3.805310502766919,0.0,0.0,0.0,-3.5989839245920283,0.0,0.0,0.0,0.0,0.0,0.0,-1.7968176283941808
0.0,-4.250363787946872,0.0,0.0,-0.09667762727091755,-2.026200114048214,-0.695544331955827,0.0,0.0,0.0,0.0,-1.4577225274582706,-0.5186137555541489,-0.5951054698423447,0.0,0.0,0.0,0.0,-0.2761036147831219,-0.6624345056551874,0.0,0.0,-1.0170411625812057
0.0,-6.160094157641753,-0.8366873842290063,0.0,-0.750819015264097,-2.5524401631457083,-0.8357587955459285,0.0,-0.08249653009074187,0.0,-1.041630103563991,-1.8198785263480615,0.0,0.0,0.0,0.0,0.0,0.0,0.0,0.0,-0.4030460390491385,0.0,-0.4023667659431451
-2.6924177221652648,-5.642263362075592,-1.0147351786472159,0.0,-0.4763496311713627,-2.9754879988675818,0.9618502874092538,0.9740067428487396,0.0,0.0,-1.2273741072307909,-2.7316611235350474,0.0,0.8982590694703021,0.0,0.0,0.0,0.0,0.0,0.0,0.0,0.0,0.0
0.0,-4.1054574324604385,3.32173790426229,0.0,10.11335049955954,-2.8035277381879276,0.0,2.1496619399191967,0.0,0.0,2.071381946820589,0.0,0.8606166149190547,1.0010158941502971,0.0,0.0,0.0,0.0,0.0,1.1948056846103017,0.0,0.0,5.98925924586325
0.0,-6.2506915015384905,-0.628439965329726,0.0,-0.31806859399462434,-2.3278343828577945,-0.3603249449208441,0.0,0.0,0.0,0.0,-1.4411799935157,0.0,-0.6190197647860666,0.0,0.0,0.0,0.0,0.0,-0.5073114826896696,-0.6030581008232091,0.0,-0.35998612763394705
0.0,-6.864324782192497,-1.35312776900981,0.0,-0.3667484043056164,-2.9599206727267537,0.0,0.0,-2.0153566461358063,0.0,0.0,-1.9849178347139975,0.0,0.9049660211734426,0.0,0.0,0.0,0.0,0.0,0.8421676146533876,-1.2342443223126762,0.0,2.7200503792522444
0.0,-4.563959568865826,0.0,0.0,0.0,-3.1350738210543057,-1.3680558996830168,0.0,1.0934023302787892,0.0,1.6041190148436328,4.205805012869013,-0.7000646049227166,1.270688585115054,0.0,0.0,0.0,0.0,0.0,0.8352621088895037,0.0,0.0,-1.3484614207511416
-2.5179736913210893,-5.806930551234298,-0.9008084080274382,0.0,-0.22359357937646587,-2.78315587862874,-0.9216824441842558,0.0,-0.11245016736474787,0.0,-0.06479471659293523,-2.1960870395329715,0.0,0.0,0.0,0.0,0.0,0.0,0.0,0.0,0.0,0.0,-0.646584215459345
-2.5360428216509483,-5.980466232307877,-1.07522912086507,0.0,-0.483389302638836,-3.01811095954669,-1.0980569003347687,0.0,0.0,0.0,-0.383021581073483,-2.0980346991842227,0.0,-0.35993252486718674,0.0,0.0,0.0,0.0,0.0,0.0,0.0,0.0,-0.7742658423572549
3.8923320212669767,21.81470809754311,0.0,0.0,3.9784927488411372,-2.1561503822665076,0.0,-1.903269549872321,0.0,0.0,1.9247231058232752,-1.976033247210014,0.0,-1.0908850006690989,0.0,0.0,0.0,0.0,-0.8865555918372827,0.0,0.0,0.0,-1.3820683586263804
-2.7237636457809224,-5.971037138961104,-1.0551349039625217,-1.4750355240335062,0.0,-2.6531326709470022,-1.3177667878400914,-0.9249745752245175,0.0,0.0,0.0,-2.0992130819658676,0.0,-1.0236746659546454,0.0,0.0,0.0,0.0,0.0,0.0,0.0,0.0,-0.9500338255495142
3.7950782897131865,6.7556787685979,0.0,0.0,0.0,3.919926881756602,0.0,0.8444810300390839,0.0,0.6573922577568151,-2.9512086016227386,3.6490305801726683,0.0,1.1852645182920163,0.0,0.0,0.0,0.0,0.0,0.4894715418765867,0.0,0.0,1.2991474050546306
-2.5696248950205036,3.078622019918262,0.7968895204017996,0.0,0.0,0.0,0.9184712464058854,0.0,0.0,0.0,1.5563988769852815,2.77376553822318,0.0,-2.014846953619052,0.0,0.0,0.0,0.0,0.0,-1.3586244835766808,0.8371339626888057,0.0,-1.4910143950448362
-2.5948443569717368,-5.336695421204908,-1.027363374752927,0.0,0.0,-2.524922629148227,0.9118425748966053,-0.2632186699650595,0.0,0.0,-1.1639316898245675,-2.475206438525587,0.0,0.9283476732511016,0.0,0.0,0.0,0.0,0.0,0.0,0.0,0.0,-0.457530584844096
0.0,-4.917187464444475,3.261084936605686,0.0,7.333083540905949,-2.471626372148578,0.0,1.0642244061144142,0.0,0.0,0.0,-1.7929419658837418,0.0,-1.0889991945823818,0.0,0.0,0.0,0.0,-1.3509152756732603,-0.9669536899422546,0.0,0.0,2.6264539076013698
0.0,-5.926885203444257,-0.5360865673921728,0.0,-0.142820267473601,-2.2118064862870757,0.0,0.0,0.0,0.0,0.0,-1.2605322217082902,0.0,-0.35352387533758456,0.0,0.0,0.0,0.0,-0.33080394936422075,-0.45663264339732096,-0.6597733131297988,0.0,-0.20930464708373905
0.0,4.607770909224004,1.5536971171643765,0.0,0.0,13.402583871896253,1.0925121309513983,0.0,1.1986670606917988,1.2558088721996918,2.9367841337366234,4.441258717202561,0.0,1.270344711169681,0.0,0.0,0.0,0.0,0.0,0.0,0.0,0.0,3.6833496615547516
0.0,-6.267452118369379,-0.6167305508017802,-0.5894081411474752,0.0,-2.112897207230983,-0.43579420646598244,0.0,0.0,0.0,0.0,-1.446040817551376,0.0,-0.5725865990736224,0.0,0.0,0.0,0.0,-0.3969213040186771,0.0,-0.589040593445463,0.0,-0.3060317084857651
0.0,-5.978506336915333,-0.44675619036699804,-0.7035854387397168,-0.1396871274328344,-2.236935199287926,0.0,0.0,0.0,0.0,0.0,-1.0748943512003473,0.0,-0.5459076674957818,0.0,0.0,0.0,0.0,-0.4389146669371056,-0.6508554817153102,-0.6327310214086402,0.0,0.0
0.0,-4.433972968430373,0.8823955027588185,0.0,8.14451825717624,5.365929091840363,3.3651648367978697,0.8047048818874636,1.1832918509480643,0.0,2.486242486253132,4.111676335590662,0.0,0.0,0.0,0.0,0.0,0.0,0.0,0.0,0.0,0.0,4.899338011740513
0.0,4.7716019897798345,1.5149619127537528,0.0,0.0,13.961631962211802,0.0,1.452691096830921,1.3484495486123365,1.8610614967278123,2.963733222459046,4.728926101038871,0.0,1.927237547755766,0.0,0.0,0.0,0.0,0.0,0.0,0.0,0.0,3.7858314784724842
3.945756788755588,19.015097684463665,-1.3589778721471113,-1.302816770971922,0.0,6.191326195223888,0.0,1.4239850706811588,0.0,0.6017282006414817,-2.105505777335649,4.056175384801067,0.0,0.38577059298192795,0.0,0.0,0.0,0.0,0.0,0.0,0.0,0.0,0.0
0.0,-4.988134402237831,3.356834473649516,0.0,9.867490216077565,0.0,0.0,2.02791626633661,0.0,0.0,0.0,-2.664392163637718,0.8058287276255858,0.8661719897018824,0.0,0.0,0.0,0.0,0.0,0.9102272025552028,0.0,0.7905390780850541,3.831640890385846
0.0,-4.206434937095254,0.0,0.0,-0.7417846694157032,-1.450209703431948,-1.4112224783416976,1.1082549443589083,1.0533745427450913,0.0,-1.280181123759861,-2.3334464669942028,0.0,-0.3391619898685071,0.0,0.0,0.0,0.0,0.0,0.0,0.0,0.0,-0.5707914744876574
12.842379503646418,42.2502568943021,8.403268292927232,0.0,0.0,19.319341713296776,0.0,0.0,0.0,0.0,3.9715664324207967,7.125643379308998,0.0,2.223616531579275,0.0,0.0,0.0,2.3713082987197707,0.0,1.8235417447428972,3.2750405418327877,0.0,0.0
-2.7282989519621714,-5.892298734089573,-1.0068405700459893,0.0,0.0,-3.05197475731636,0.839268992805185,1.0476774718065784,0.0,0.0,-1.3125116645821537,-2.5722551301895935,0.0,0.7545722889787108,0.0,0.0,0.0,0.0,0.0,0.6372501515137742,0.0,0.0,0.0
-2.212191361597094,-5.208193989029801,-1.0192130261951022,0.0,-0.15820395771481344,-2.4626587811826584,0.9694859628383607,-0.8871669543232913,0.0,0.0,-1.0301546798252472,-2.0775080771297443,0.0,0.0,0.0,0.0,0.0,0.0,0.0,0.0,0.0,0.0,-0.46963026872801134
-2.5364428917956525,-5.529353744411617,-0.8405638203409427,0.0,-0.32833132796590736,-2.8360063591902724,1.0752187934232833,1.079387763513036,0.0,-0.23179606725436663,-1.1786340968845683,-2.599651273057554,0.0,0.0,0.0,0.0,0.0,0.0,0.0,0.0,0.0,0.0,0.0
-2.6284224427874343,-5.774002309302694,-1.1611974998809789,-1.1306196035827876,0.0,-2.94051408441536,0.0,0.0,0.0,0.0,-1.3758452543112258,-2.270865353106172,0.0,0.9727656411179041,0.0,0.0,0.0,0.0,0.0,0.887462479159911,0.0,0.0,2.1995515813166837
0.0,-4.28705935885355,3.1249085363654854,0.0,0.0,-2.731495059687745,0.0,0.0,0.0,0.0,2.090616281510128,-2.8537185373567624,0.0,0.786299378570039,1.9285726001578725,0.0,2.3647387465779337,0.0,0.0,0.9249561426473044,0.0,0.8117286388996537,0.0
0.0,-4.627408491222135,-0.24268576780124593,0.0,-0.470540768211454,-2.9635605673981473,-1.280527133800038,0.0,0.0,-0.6040277079259285,1.7575730323740026,3.7681324252881985,0.0,0.0,0.0,0.0,-0.24982227573046067,0.0,0.0,0.0,0.0,0.0,-0.8295535427365454
0.0,-6.171947428366518,-0.6732064411160444,0.0,0.0,-2.0224230392841003,-0.4715937454110346,-0.707669337299252,0.0,0.0,0.0,-1.3682196421203854,0.0,-0.8508229146256373,0.0,0.0,0.0,0.0,-0.7711545712036177,-0.608383014312402,-0.7138529221463975,0.0,0.0
0.0,-4.723046079439444,0.0,0.0,0.0,4.815357567020071,0.7922437823428564,0.9166297050031713,0.0,6.8844777446514245,0.0,3.7975070007641327,0.0,-1.0858411067849307,0.0,0.0,0.0,0.0,-1.0978357243938517,-1.110191979030164,0.0,0.0,1.4602220748105732
-2.6395831900237363,-5.790209971226727,-1.103760114819785,0.0,0.0,-2.336248113885642,0.0,-1.606857251417892,0.0,0.0,-1.5367140109893394,-2.0280335884599174,0.0,-1.9207139263583712,0.0,0.0,0.0,0.0,-1.7061185762077746,-1.1397220841795943,0.0,0.0,0.0
